transaction_date,store_location,month,day_of_week,is_weekend,shift,shift_num,total_cups,prev_cups
2023-01-01,Astoria,1,Sunday,1,Morning,1,31,0.0
2023-01-01,Astoria,1,Sunday,1,Afternoon,2,156,31.0
2023-01-01,Astoria,1,Sunday,1,Evening,3,90,156.0
2023-01-02,Astoria,1,Monday,0,Morning,1,38,90.0
2023-01-02,Astoria,1,Monday,0,Afternoon,2,163,38.0
2023-01-02,Astoria,1,Monday,0,Evening,3,100,163.0
2023-01-03,Astoria,1,Tuesday,0,Morning,1,35,100.0
2023-01-03,Astoria,1,Tuesday,0,Afternoon,2,166,35.0
2023-01-03,Astoria,1,Tuesday,0,Evening,3,86,166.0
2023-01-04,Astoria,1,Wednesday,0,Morning,1,23,86.0
2023-01-04,Astoria,1,Wednesday,0,Afternoon,2,158,23.0
2023-01-04,Astoria,1,Wednesday,0,Evening,3,81,158.0
2023-01-05,Astoria,1,Thursday,0,Morning,1,16,81.0
2023-01-05,Astoria,1,Thursday,0,Afternoon,2,183,16.0
2023-01-05,Astoria,1,Thursday,0,Evening,3,86,183.0
2023-01-06,Astoria,1,Friday,0,Morning,1,19,86.0
2023-01-06,Astoria,1,Friday,0,Afternoon,2,123,19.0
2023-01-06,Astoria,1,Friday,0,Evening,3,82,123.0
2023-01-07,Astoria,1,Saturday,1,Morning,1,100,82.0
2023-01-07,Astoria,1,Saturday,1,Afternoon,2,95,100.0
2023-01-07,Astoria,1,Saturday,1,Evening,3,62,95.0
2023-01-08,Astoria,1,Sunday,1,Morning,1,79,62.0
2023-01-08,Astoria,1,Sunday,1,Afternoon,2,90,79.0
2023-01-08,Astoria,1,Sunday,1,Evening,3,58,90.0
2023-01-09,Astoria,1,Monday,0,Morning,1,146,58.0
2023-01-09,Astoria,1,Monday,0,Afternoon,2,40,146.0
2023-01-09,Astoria,1,Monday,0,Evening,3,22,40.0
2023-01-10,Astoria,1,Tuesday,0,Morning,1,220,22.0
2023-01-10,Astoria,1,Tuesday,0,Afternoon,2,58,220.0
2023-01-10,Astoria,1,Tuesday,0,Evening,3,27,58.0
2023-01-11,Astoria,1,Wednesday,0,Morning,1,152,27.0
2023-01-11,Astoria,1,Wednesday,0,Afternoon,2,38,152.0
2023-01-11,Astoria,1,Wednesday,0,Evening,3,39,38.0
2023-01-12,Astoria,1,Thursday,0,Morning,1,133,39.0
2023-01-12,Astoria,1,Thursday,0,Afternoon,2,33,133.0
2023-01-12,Astoria,1,Thursday,0,Evening,3,40,33.0
2023-01-13,Astoria,1,Friday,0,Morning,1,162,40.0
2023-01-13,Astoria,1,Friday,0,Afternoon,2,41,162.0
2023-01-13,Astoria,1,Friday,0,Evening,3,43,41.0
2023-01-14,Astoria,1,Saturday,1,Morning,1,141,43.0
2023-01-14,Astoria,1,Saturday,1,Afternoon,2,42,141.0
2023-01-14,Astoria,1,Saturday,1,Evening,3,30,42.0
2023-01-15,Astoria,1,Sunday,1,Morning,1,233,30.0
2023-01-15,Astoria,1,Sunday,1,Afternoon,2,69,233.0
2023-01-15,Astoria,1,Sunday,1,Evening,3,63,69.0
2023-01-16,Astoria,1,Monday,0,Morning,1,200,63.0
2023-01-16,Astoria,1,Monday,0,Afternoon,2,68,200.0
2023-01-16,Astoria,1,Monday,0,Evening,3,51,68.0
2023-01-17,Astoria,1,Tuesday,0,Morning,1,207,51.0
2023-01-17,Astoria,1,Tuesday,0,Afternoon,2,51,207.0
2023-01-17,Astoria,1,Tuesday,0,Evening,3,39,51.0
2023-01-18,Astoria,1,Wednesday,0,Morning,1,207,39.0
2023-01-18,Astoria,1,Wednesday,0,Afternoon,2,57,207.0
2023-01-18,Astoria,1,Wednesday,0,Evening,3,31,57.0
2023-01-19,Astoria,1,Thursday,0,Morning,1,220,31.0
2023-01-19,Astoria,1,Thursday,0,Afternoon,2,54,220.0
2023-01-19,Astoria,1,Thursday,0,Evening,3,39,54.0
2023-01-20,Astoria,1,Friday,0,Morning,1,123,39.0
2023-01-20,Astoria,1,Friday,0,Afternoon,2,54,123.0
2023-01-20,Astoria,1,Friday,0,Evening,3,38,54.0
2023-01-21,Astoria,1,Saturday,1,Morning,1,161,38.0
2023-01-21,Astoria,1,Saturday,1,Afternoon,2,43,161.0
2023-01-21,Astoria,1,Saturday,1,Evening,3,61,43.0
2023-01-22,Astoria,1,Sunday,1,Morning,1,97,61.0
2023-01-22,Astoria,1,Sunday,1,Afternoon,2,94,97.0
2023-01-22,Astoria,1,Sunday,1,Evening,3,49,94.0
2023-01-23,Astoria,1,Monday,0,Morning,1,112,49.0
2023-01-23,Astoria,1,Monday,0,Afternoon,2,118,112.0
2023-01-23,Astoria,1,Monday,0,Evening,3,62,118.0
2023-01-24,Astoria,1,Tuesday,0,Morning,1,118,62.0
2023-01-24,Astoria,1,Tuesday,0,Afternoon,2,114,118.0
2023-01-24,Astoria,1,Tuesday,0,Evening,3,60,114.0
2023-01-25,Astoria,1,Wednesday,0,Morning,1,135,60.0
2023-01-25,Astoria,1,Wednesday,0,Afternoon,2,111,135.0
2023-01-25,Astoria,1,Wednesday,0,Evening,3,68,111.0
2023-01-26,Astoria,1,Thursday,0,Morning,1,123,68.0
2023-01-26,Astoria,1,Thursday,0,Afternoon,2,134,123.0
2023-01-26,Astoria,1,Thursday,0,Evening,3,51,134.0
2023-01-27,Astoria,1,Friday,0,Morning,1,94,51.0
2023-01-27,Astoria,1,Friday,0,Afternoon,2,100,94.0
2023-01-27,Astoria,1,Friday,0,Evening,3,79,100.0
2023-01-28,Astoria,1,Saturday,1,Morning,1,109,79.0
2023-01-28,Astoria,1,Saturday,1,Afternoon,2,79,109.0
2023-01-28,Astoria,1,Saturday,1,Evening,3,56,79.0
2023-01-29,Astoria,1,Sunday,1,Morning,1,100,56.0
2023-01-29,Astoria,1,Sunday,1,Afternoon,2,115,100.0
2023-01-29,Astoria,1,Sunday,1,Evening,3,46,115.0
2023-01-30,Astoria,1,Monday,0,Morning,1,109,46.0
2023-01-30,Astoria,1,Monday,0,Afternoon,2,88,109.0
2023-01-30,Astoria,1,Monday,0,Evening,3,45,88.0
2023-01-31,Astoria,1,Tuesday,0,Morning,1,120,45.0
2023-01-31,Astoria,1,Tuesday,0,Afternoon,2,61,120.0
2023-01-31,Astoria,1,Tuesday,0,Evening,3,38,61.0
2023-02-01,Astoria,2,Wednesday,0,Morning,1,23,38.0
2023-02-01,Astoria,2,Wednesday,0,Afternoon,2,173,23.0
2023-02-01,Astoria,2,Wednesday,0,Evening,3,76,173.0
2023-02-02,Astoria,2,Thursday,0,Morning,1,22,76.0
2023-02-02,Astoria,2,Thursday,0,Afternoon,2,176,22.0
2023-02-02,Astoria,2,Thursday,0,Evening,3,104,176.0
2023-02-03,Astoria,2,Friday,0,Morning,1,28,104.0
2023-02-03,Astoria,2,Friday,0,Afternoon,2,191,28.0
2023-02-03,Astoria,2,Friday,0,Evening,3,82,191.0
2023-02-04,Astoria,2,Saturday,1,Morning,1,31,82.0
2023-02-04,Astoria,2,Saturday,1,Afternoon,2,168,31.0
2023-02-04,Astoria,2,Saturday,1,Evening,3,72,168.0
2023-02-05,Astoria,2,Sunday,1,Morning,1,28,72.0
2023-02-05,Astoria,2,Sunday,1,Afternoon,2,174,28.0
2023-02-05,Astoria,2,Sunday,1,Evening,3,81,174.0
2023-02-06,Astoria,2,Monday,0,Morning,1,17,81.0
2023-02-06,Astoria,2,Monday,0,Afternoon,2,121,17.0
2023-02-06,Astoria,2,Monday,0,Evening,3,71,121.0
2023-02-07,Astoria,2,Tuesday,0,Morning,1,104,71.0
2023-02-07,Astoria,2,Tuesday,0,Afternoon,2,85,104.0
2023-02-07,Astoria,2,Tuesday,0,Evening,3,66,85.0
2023-02-08,Astoria,2,Wednesday,0,Morning,1,94,66.0
2023-02-08,Astoria,2,Wednesday,0,Afternoon,2,109,94.0
2023-02-08,Astoria,2,Wednesday,0,Evening,3,60,109.0
2023-02-09,Astoria,2,Thursday,0,Morning,1,155,60.0
2023-02-09,Astoria,2,Thursday,0,Afternoon,2,44,155.0
2023-02-09,Astoria,2,Thursday,0,Evening,3,26,44.0
2023-02-10,Astoria,2,Friday,0,Morning,1,210,26.0
2023-02-10,Astoria,2,Friday,0,Afternoon,2,62,210.0
2023-02-10,Astoria,2,Friday,0,Evening,3,25,62.0
2023-02-11,Astoria,2,Saturday,1,Morning,1,142,25.0
2023-02-11,Astoria,2,Saturday,1,Afternoon,2,48,142.0
2023-02-11,Astoria,2,Saturday,1,Evening,3,22,48.0
2023-02-12,Astoria,2,Sunday,1,Morning,1,145,22.0
2023-02-12,Astoria,2,Sunday,1,Afternoon,2,39,145.0
2023-02-12,Astoria,2,Sunday,1,Evening,3,23,39.0
2023-02-13,Astoria,2,Monday,0,Morning,1,134,23.0
2023-02-13,Astoria,2,Monday,0,Afternoon,2,48,134.0
2023-02-13,Astoria,2,Monday,0,Evening,3,30,48.0
2023-02-14,Astoria,2,Tuesday,0,Morning,1,149,30.0
2023-02-14,Astoria,2,Tuesday,0,Afternoon,2,28,149.0
2023-02-14,Astoria,2,Tuesday,0,Evening,3,33,28.0
2023-02-15,Astoria,2,Wednesday,0,Morning,1,250,33.0
2023-02-15,Astoria,2,Wednesday,0,Afternoon,2,70,250.0
2023-02-15,Astoria,2,Wednesday,0,Evening,3,55,70.0
2023-02-16,Astoria,2,Thursday,0,Morning,1,205,55.0
2023-02-16,Astoria,2,Thursday,0,Afternoon,2,70,205.0
2023-02-16,Astoria,2,Thursday,0,Evening,3,66,70.0
2023-02-17,Astoria,2,Friday,0,Morning,1,196,66.0
2023-02-17,Astoria,2,Friday,0,Afternoon,2,63,196.0
2023-02-17,Astoria,2,Friday,0,Evening,3,39,63.0
2023-02-18,Astoria,2,Saturday,1,Morning,1,210,39.0
2023-02-18,Astoria,2,Saturday,1,Afternoon,2,59,210.0
2023-02-18,Astoria,2,Saturday,1,Evening,3,28,59.0
2023-02-19,Astoria,2,Sunday,1,Morning,1,223,28.0
2023-02-19,Astoria,2,Sunday,1,Afternoon,2,71,223.0
2023-02-19,Astoria,2,Sunday,1,Evening,3,48,71.0
2023-02-20,Astoria,2,Monday,0,Morning,1,132,48.0
2023-02-20,Astoria,2,Monday,0,Afternoon,2,42,132.0
2023-02-20,Astoria,2,Monday,0,Evening,3,35,42.0
2023-02-21,Astoria,2,Tuesday,0,Morning,1,158,35.0
2023-02-21,Astoria,2,Tuesday,0,Afternoon,2,40,158.0
2023-02-21,Astoria,2,Tuesday,0,Evening,3,40,40.0
2023-02-22,Astoria,2,Wednesday,0,Morning,1,130,40.0
2023-02-22,Astoria,2,Wednesday,0,Afternoon,2,128,130.0
2023-02-22,Astoria,2,Wednesday,0,Evening,3,76,128.0
2023-02-23,Astoria,2,Thursday,0,Morning,1,119,76.0
2023-02-23,Astoria,2,Thursday,0,Afternoon,2,106,119.0
2023-02-23,Astoria,2,Thursday,0,Evening,3,58,106.0
2023-02-24,Astoria,2,Friday,0,Morning,1,114,58.0
2023-02-24,Astoria,2,Friday,0,Afternoon,2,126,114.0
2023-02-24,Astoria,2,Friday,0,Evening,3,63,126.0
2023-02-25,Astoria,2,Saturday,1,Morning,1,117,63.0
2023-02-25,Astoria,2,Saturday,1,Afternoon,2,97,117.0
2023-02-25,Astoria,2,Saturday,1,Evening,3,52,97.0
2023-02-26,Astoria,2,Sunday,1,Morning,1,123,52.0
2023-02-26,Astoria,2,Sunday,1,Afternoon,2,139,123.0
2023-02-26,Astoria,2,Sunday,1,Evening,3,75,139.0
2023-02-27,Astoria,2,Monday,0,Morning,1,129,75.0
2023-02-27,Astoria,2,Monday,0,Afternoon,2,94,129.0
2023-02-27,Astoria,2,Monday,0,Evening,3,78,94.0
2023-02-28,Astoria,2,Tuesday,0,Morning,1,110,78.0
2023-02-28,Astoria,2,Tuesday,0,Afternoon,2,75,110.0
2023-02-28,Astoria,2,Tuesday,0,Evening,3,90,75.0
2023-03-01,Astoria,3,Wednesday,0,Morning,1,41,90.0
2023-03-01,Astoria,3,Wednesday,0,Afternoon,2,178,41.0
2023-03-01,Astoria,3,Wednesday,0,Evening,3,109,178.0
2023-03-02,Astoria,3,Thursday,0,Morning,1,37,109.0
2023-03-02,Astoria,3,Thursday,0,Afternoon,2,196,37.0
2023-03-02,Astoria,3,Thursday,0,Evening,3,119,196.0
2023-03-03,Astoria,3,Friday,0,Morning,1,50,119.0
2023-03-03,Astoria,3,Friday,0,Afternoon,2,210,50.0
2023-03-03,Astoria,3,Friday,0,Evening,3,111,210.0
2023-03-04,Astoria,3,Saturday,1,Morning,1,25,111.0
2023-03-04,Astoria,3,Saturday,1,Afternoon,2,214,25.0
2023-03-04,Astoria,3,Saturday,1,Evening,3,89,214.0
2023-03-05,Astoria,3,Sunday,1,Morning,1,34,89.0
2023-03-05,Astoria,3,Sunday,1,Afternoon,2,188,34.0
2023-03-05,Astoria,3,Sunday,1,Evening,3,133,188.0
2023-03-06,Astoria,3,Monday,0,Morning,1,23,133.0
2023-03-06,Astoria,3,Monday,0,Afternoon,2,133,23.0
2023-03-06,Astoria,3,Monday,0,Evening,3,75,133.0
2023-03-07,Astoria,3,Tuesday,0,Morning,1,132,75.0
2023-03-07,Astoria,3,Tuesday,0,Afternoon,2,97,132.0
2023-03-07,Astoria,3,Tuesday,0,Evening,3,64,97.0
2023-03-08,Astoria,3,Wednesday,0,Morning,1,122,64.0
2023-03-08,Astoria,3,Wednesday,0,Afternoon,2,133,122.0
2023-03-08,Astoria,3,Wednesday,0,Evening,3,77,133.0
2023-03-09,Astoria,3,Thursday,0,Morning,1,162,77.0
2023-03-09,Astoria,3,Thursday,0,Afternoon,2,48,162.0
2023-03-09,Astoria,3,Thursday,0,Evening,3,39,48.0
2023-03-10,Astoria,3,Friday,0,Morning,1,194,39.0
2023-03-10,Astoria,3,Friday,0,Afternoon,2,92,194.0
2023-03-10,Astoria,3,Friday,0,Evening,3,41,92.0
2023-03-11,Astoria,3,Saturday,1,Morning,1,164,41.0
2023-03-11,Astoria,3,Saturday,1,Afternoon,2,72,164.0
2023-03-11,Astoria,3,Saturday,1,Evening,3,59,72.0
2023-03-12,Astoria,3,Sunday,1,Morning,1,127,59.0
2023-03-12,Astoria,3,Sunday,1,Afternoon,2,40,127.0
2023-03-12,Astoria,3,Sunday,1,Evening,3,35,40.0
2023-03-13,Astoria,3,Monday,0,Morning,1,189,35.0
2023-03-13,Astoria,3,Monday,0,Afternoon,2,66,189.0
2023-03-13,Astoria,3,Monday,0,Evening,3,27,66.0
2023-03-14,Astoria,3,Tuesday,0,Morning,1,163,27.0
2023-03-14,Astoria,3,Tuesday,0,Afternoon,2,43,163.0
2023-03-14,Astoria,3,Tuesday,0,Evening,3,51,43.0
2023-03-15,Astoria,3,Wednesday,0,Morning,1,283,51.0
2023-03-15,Astoria,3,Wednesday,0,Afternoon,2,77,283.0
2023-03-15,Astoria,3,Wednesday,0,Evening,3,38,77.0
2023-03-16,Astoria,3,Thursday,0,Morning,1,218,38.0
2023-03-16,Astoria,3,Thursday,0,Afternoon,2,78,218.0
2023-03-16,Astoria,3,Thursday,0,Evening,3,63,78.0
2023-03-17,Astoria,3,Friday,0,Morning,1,301,63.0
2023-03-17,Astoria,3,Friday,0,Afternoon,2,72,301.0
2023-03-17,Astoria,3,Friday,0,Evening,3,35,72.0
2023-03-18,Astoria,3,Saturday,1,Morning,1,239,35.0
2023-03-18,Astoria,3,Saturday,1,Afternoon,2,70,239.0
2023-03-18,Astoria,3,Saturday,1,Evening,3,44,70.0
2023-03-19,Astoria,3,Sunday,1,Morning,1,273,44.0
2023-03-19,Astoria,3,Sunday,1,Afternoon,2,76,273.0
2023-03-19,Astoria,3,Sunday,1,Evening,3,43,76.0
2023-03-20,Astoria,3,Monday,0,Morning,1,184,43.0
2023-03-20,Astoria,3,Monday,0,Afternoon,2,65,184.0
2023-03-20,Astoria,3,Monday,0,Evening,3,36,65.0
2023-03-21,Astoria,3,Tuesday,0,Morning,1,146,36.0
2023-03-21,Astoria,3,Tuesday,0,Afternoon,2,49,146.0
2023-03-21,Astoria,3,Tuesday,0,Evening,3,41,49.0
2023-03-22,Astoria,3,Wednesday,0,Morning,1,150,41.0
2023-03-22,Astoria,3,Wednesday,0,Afternoon,2,148,150.0
2023-03-22,Astoria,3,Wednesday,0,Evening,3,69,148.0
2023-03-23,Astoria,3,Thursday,0,Morning,1,112,69.0
2023-03-23,Astoria,3,Thursday,0,Afternoon,2,132,112.0
2023-03-23,Astoria,3,Thursday,0,Evening,3,84,132.0
2023-03-24,Astoria,3,Friday,0,Morning,1,143,84.0
2023-03-24,Astoria,3,Friday,0,Afternoon,2,132,143.0
2023-03-24,Astoria,3,Friday,0,Evening,3,80,132.0
2023-03-25,Astoria,3,Saturday,1,Morning,1,135,80.0
2023-03-25,Astoria,3,Saturday,1,Afternoon,2,122,135.0
2023-03-25,Astoria,3,Saturday,1,Evening,3,80,122.0
2023-03-26,Astoria,3,Sunday,1,Morning,1,169,80.0
2023-03-26,Astoria,3,Sunday,1,Afternoon,2,142,169.0
2023-03-26,Astoria,3,Sunday,1,Evening,3,80,142.0
2023-03-27,Astoria,3,Monday,0,Morning,1,162,80.0
2023-03-27,Astoria,3,Monday,0,Afternoon,2,119,162.0
2023-03-27,Astoria,3,Monday,0,Evening,3,79,119.0
2023-03-28,Astoria,3,Tuesday,0,Morning,1,137,79.0
2023-03-28,Astoria,3,Tuesday,0,Afternoon,2,116,137.0
2023-03-28,Astoria,3,Tuesday,0,Evening,3,59,116.0
2023-03-29,Astoria,3,Wednesday,0,Morning,1,130,59.0
2023-03-29,Astoria,3,Wednesday,0,Afternoon,2,120,130.0
2023-03-29,Astoria,3,Wednesday,0,Evening,3,67,120.0
2023-03-30,Astoria,3,Thursday,0,Morning,1,162,67.0
2023-03-30,Astoria,3,Thursday,0,Afternoon,2,85,162.0
2023-03-30,Astoria,3,Thursday,0,Evening,3,60,85.0
2023-03-31,Astoria,3,Friday,0,Morning,1,156,60.0
2023-03-31,Astoria,3,Friday,0,Afternoon,2,71,156.0
2023-03-31,Astoria,3,Friday,0,Evening,3,65,71.0
2023-04-01,Astoria,4,Saturday,1,Morning,1,51,65.0
2023-04-01,Astoria,4,Saturday,1,Afternoon,2,246,51.0
2023-04-01,Astoria,4,Saturday,1,Evening,3,136,246.0
2023-04-02,Astoria,4,Sunday,1,Morning,1,35,136.0
2023-04-02,Astoria,4,Sunday,1,Afternoon,2,235,35.0
2023-04-02,Astoria,4,Sunday,1,Evening,3,160,235.0
2023-04-03,Astoria,4,Monday,0,Morning,1,69,160.0
2023-04-03,Astoria,4,Monday,0,Afternoon,2,234,69.0
2023-04-03,Astoria,4,Monday,0,Evening,3,126,234.0
2023-04-04,Astoria,4,Tuesday,0,Morning,1,37,126.0
2023-04-04,Astoria,4,Tuesday,0,Afternoon,2,214,37.0
2023-04-04,Astoria,4,Tuesday,0,Evening,3,120,214.0
2023-04-05,Astoria,4,Wednesday,0,Morning,1,38,120.0
2023-04-05,Astoria,4,Wednesday,0,Afternoon,2,219,38.0
2023-04-05,Astoria,4,Wednesday,0,Evening,3,143,219.0
2023-04-06,Astoria,4,Thursday,0,Morning,1,39,143.0
2023-04-06,Astoria,4,Thursday,0,Afternoon,2,172,39.0
2023-04-06,Astoria,4,Thursday,0,Evening,3,107,172.0
2023-04-07,Astoria,4,Friday,0,Morning,1,152,107.0
2023-04-07,Astoria,4,Friday,0,Afternoon,2,131,152.0
2023-04-07,Astoria,4,Friday,0,Evening,3,80,131.0
2023-04-08,Astoria,4,Saturday,1,Morning,1,142,80.0
2023-04-08,Astoria,4,Saturday,1,Afternoon,2,193,142.0
2023-04-08,Astoria,4,Saturday,1,Evening,3,109,193.0
2023-04-09,Astoria,4,Sunday,1,Morning,1,204,109.0
2023-04-09,Astoria,4,Sunday,1,Afternoon,2,73,204.0
2023-04-09,Astoria,4,Sunday,1,Evening,3,43,73.0
2023-04-10,Astoria,4,Monday,0,Morning,1,293,43.0
2023-04-10,Astoria,4,Monday,0,Afternoon,2,75,293.0
2023-04-10,Astoria,4,Monday,0,Evening,3,48,75.0
2023-04-11,Astoria,4,Tuesday,0,Morning,1,257,48.0
2023-04-11,Astoria,4,Tuesday,0,Afternoon,2,95,257.0
2023-04-11,Astoria,4,Tuesday,0,Evening,3,59,95.0
2023-04-12,Astoria,4,Wednesday,0,Morning,1,175,59.0
2023-04-12,Astoria,4,Wednesday,0,Afternoon,2,68,175.0
2023-04-12,Astoria,4,Wednesday,0,Evening,3,44,68.0
2023-04-13,Astoria,4,Thursday,0,Morning,1,236,44.0
2023-04-13,Astoria,4,Thursday,0,Afternoon,2,72,236.0
2023-04-13,Astoria,4,Thursday,0,Evening,3,45,72.0
2023-04-14,Astoria,4,Friday,0,Morning,1,190,45.0
2023-04-14,Astoria,4,Friday,0,Afternoon,2,62,190.0
2023-04-14,Astoria,4,Friday,0,Evening,3,70,62.0
2023-04-15,Astoria,4,Saturday,1,Morning,1,317,70.0
2023-04-15,Astoria,4,Saturday,1,Afternoon,2,94,317.0
2023-04-15,Astoria,4,Saturday,1,Evening,3,59,94.0
2023-04-16,Astoria,4,Sunday,1,Morning,1,309,59.0
2023-04-16,Astoria,4,Sunday,1,Afternoon,2,85,309.0
2023-04-16,Astoria,4,Sunday,1,Evening,3,57,85.0
2023-04-17,Astoria,4,Monday,0,Morning,1,320,57.0
2023-04-17,Astoria,4,Monday,0,Afternoon,2,79,320.0
2023-04-17,Astoria,4,Monday,0,Evening,3,58,79.0
2023-04-18,Astoria,4,Tuesday,0,Morning,1,309,58.0
2023-04-18,Astoria,4,Tuesday,0,Afternoon,2,94,309.0
2023-04-18,Astoria,4,Tuesday,0,Evening,3,50,94.0
2023-04-19,Astoria,4,Wednesday,0,Morning,1,342,50.0
2023-04-19,Astoria,4,Wednesday,0,Afternoon,2,89,342.0
2023-04-19,Astoria,4,Wednesday,0,Evening,3,57,89.0
2023-04-20,Astoria,4,Thursday,0,Morning,1,170,57.0
2023-04-20,Astoria,4,Thursday,0,Afternoon,2,74,170.0
2023-04-20,Astoria,4,Thursday,0,Evening,3,50,74.0
2023-04-21,Astoria,4,Friday,0,Morning,1,203,50.0
2023-04-21,Astoria,4,Friday,0,Afternoon,2,46,203.0
2023-04-21,Astoria,4,Friday,0,Evening,3,56,46.0
2023-04-22,Astoria,4,Saturday,1,Morning,1,161,56.0
2023-04-22,Astoria,4,Saturday,1,Afternoon,2,177,161.0
2023-04-22,Astoria,4,Saturday,1,Evening,3,76,177.0
2023-04-23,Astoria,4,Sunday,1,Morning,1,178,76.0
2023-04-23,Astoria,4,Sunday,1,Afternoon,2,159,178.0
2023-04-23,Astoria,4,Sunday,1,Evening,3,91,159.0
2023-04-24,Astoria,4,Monday,0,Morning,1,217,91.0
2023-04-24,Astoria,4,Monday,0,Afternoon,2,170,217.0
2023-04-24,Astoria,4,Monday,0,Evening,3,103,170.0
2023-04-25,Astoria,4,Tuesday,0,Morning,1,170,103.0
2023-04-25,Astoria,4,Tuesday,0,Afternoon,2,146,170.0
2023-04-25,Astoria,4,Tuesday,0,Evening,3,114,146.0
2023-04-26,Astoria,4,Wednesday,0,Morning,1,177,114.0
2023-04-26,Astoria,4,Wednesday,0,Afternoon,2,180,177.0
2023-04-26,Astoria,4,Wednesday,0,Evening,3,104,180.0
2023-04-27,Astoria,4,Thursday,0,Morning,1,180,104.0
2023-04-27,Astoria,4,Thursday,0,Afternoon,2,165,180.0
2023-04-27,Astoria,4,Thursday,0,Evening,3,116,165.0
2023-04-28,Astoria,4,Friday,0,Morning,1,145,116.0
2023-04-28,Astoria,4,Friday,0,Afternoon,2,139,145.0
2023-04-28,Astoria,4,Friday,0,Evening,3,102,139.0
2023-04-29,Astoria,4,Saturday,1,Morning,1,114,102.0
2023-04-29,Astoria,4,Saturday,1,Afternoon,2,142,114.0
2023-04-29,Astoria,4,Saturday,1,Evening,3,99,142.0
2023-04-30,Astoria,4,Sunday,1,Morning,1,182,99.0
2023-04-30,Astoria,4,Sunday,1,Afternoon,2,152,182.0
2023-04-30,Astoria,4,Sunday,1,Evening,3,52,152.0
2023-05-01,Astoria,5,Monday,0,Morning,1,74,52.0
2023-05-01,Astoria,5,Monday,0,Afternoon,2,304,74.0
2023-05-01,Astoria,5,Monday,0,Evening,3,155,304.0
2023-05-02,Astoria,5,Tuesday,0,Morning,1,56,155.0
2023-05-02,Astoria,5,Tuesday,0,Afternoon,2,310,56.0
2023-05-02,Astoria,5,Tuesday,0,Evening,3,198,310.0
2023-05-03,Astoria,5,Wednesday,0,Morning,1,82,198.0
2023-05-03,Astoria,5,Wednesday,0,Afternoon,2,302,82.0
2023-05-03,Astoria,5,Wednesday,0,Evening,3,183,302.0
2023-05-04,Astoria,5,Thursday,0,Morning,1,51,183.0
2023-05-04,Astoria,5,Thursday,0,Afternoon,2,332,51.0
2023-05-04,Astoria,5,Thursday,0,Evening,3,164,332.0
2023-05-05,Astoria,5,Friday,0,Morning,1,40,164.0
2023-05-05,Astoria,5,Friday,0,Afternoon,2,324,40.0
2023-05-05,Astoria,5,Friday,0,Evening,3,190,324.0
2023-05-06,Astoria,5,Saturday,1,Morning,1,29,190.0
2023-05-06,Astoria,5,Saturday,1,Afternoon,2,244,29.0
2023-05-06,Astoria,5,Saturday,1,Evening,3,141,244.0
2023-05-07,Astoria,5,Sunday,1,Morning,1,195,141.0
2023-05-07,Astoria,5,Sunday,1,Afternoon,2,164,195.0
2023-05-07,Astoria,5,Sunday,1,Evening,3,93,164.0
2023-05-08,Astoria,5,Monday,0,Morning,1,189,93.0
2023-05-08,Astoria,5,Monday,0,Afternoon,2,240,189.0
2023-05-08,Astoria,5,Monday,0,Evening,3,117,240.0
2023-05-09,Astoria,5,Tuesday,0,Morning,1,242,117.0
2023-05-09,Astoria,5,Tuesday,0,Afternoon,2,100,242.0
2023-05-09,Astoria,5,Tuesday,0,Evening,3,45,100.0
2023-05-10,Astoria,5,Wednesday,0,Morning,1,370,45.0
2023-05-10,Astoria,5,Wednesday,0,Afternoon,2,118,370.0
2023-05-10,Astoria,5,Wednesday,0,Evening,3,62,118.0
2023-05-11,Astoria,5,Thursday,0,Morning,1,271,62.0
2023-05-11,Astoria,5,Thursday,0,Afternoon,2,111,271.0
2023-05-11,Astoria,5,Thursday,0,Evening,3,61,111.0
2023-05-12,Astoria,5,Friday,0,Morning,1,237,61.0
2023-05-12,Astoria,5,Friday,0,Afternoon,2,78,237.0
2023-05-12,Astoria,5,Friday,0,Evening,3,47,78.0
2023-05-13,Astoria,5,Saturday,1,Morning,1,275,47.0
2023-05-13,Astoria,5,Saturday,1,Afternoon,2,105,275.0
2023-05-13,Astoria,5,Saturday,1,Evening,3,59,105.0
2023-05-14,Astoria,5,Sunday,1,Morning,1,271,59.0
2023-05-14,Astoria,5,Sunday,1,Afternoon,2,81,271.0
2023-05-14,Astoria,5,Sunday,1,Evening,3,65,81.0
2023-05-15,Astoria,5,Monday,0,Morning,1,420,65.0
2023-05-15,Astoria,5,Monday,0,Afternoon,2,116,420.0
2023-05-15,Astoria,5,Monday,0,Evening,3,94,116.0
2023-05-16,Astoria,5,Tuesday,0,Morning,1,398,94.0
2023-05-16,Astoria,5,Tuesday,0,Afternoon,2,128,398.0
2023-05-16,Astoria,5,Tuesday,0,Evening,3,97,128.0
2023-05-17,Astoria,5,Wednesday,0,Morning,1,391,97.0
2023-05-17,Astoria,5,Wednesday,0,Afternoon,2,102,391.0
2023-05-17,Astoria,5,Wednesday,0,Evening,3,73,102.0
2023-05-18,Astoria,5,Thursday,0,Morning,1,380,73.0
2023-05-18,Astoria,5,Thursday,0,Afternoon,2,118,380.0
2023-05-18,Astoria,5,Thursday,0,Evening,3,68,118.0
2023-05-19,Astoria,5,Friday,0,Morning,1,450,68.0
2023-05-19,Astoria,5,Friday,0,Afternoon,2,109,450.0
2023-05-19,Astoria,5,Friday,0,Evening,3,85,109.0
2023-05-20,Astoria,5,Saturday,1,Morning,1,249,85.0
2023-05-20,Astoria,5,Saturday,1,Afternoon,2,101,249.0
2023-05-20,Astoria,5,Saturday,1,Evening,3,73,101.0
2023-05-21,Astoria,5,Sunday,1,Morning,1,265,73.0
2023-05-21,Astoria,5,Sunday,1,Afternoon,2,76,265.0
2023-05-21,Astoria,5,Sunday,1,Evening,3,77,76.0
2023-05-22,Astoria,5,Monday,0,Morning,1,234,77.0
2023-05-22,Astoria,5,Monday,0,Afternoon,2,227,234.0
2023-05-22,Astoria,5,Monday,0,Evening,3,121,227.0
2023-05-23,Astoria,5,Tuesday,0,Morning,1,199,121.0
2023-05-23,Astoria,5,Tuesday,0,Afternoon,2,192,199.0
2023-05-23,Astoria,5,Tuesday,0,Evening,3,134,192.0
2023-05-24,Astoria,5,Wednesday,0,Morning,1,227,134.0
2023-05-24,Astoria,5,Wednesday,0,Afternoon,2,241,227.0
2023-05-24,Astoria,5,Wednesday,0,Evening,3,137,241.0
2023-05-25,Astoria,5,Thursday,0,Morning,1,193,137.0
2023-05-25,Astoria,5,Thursday,0,Afternoon,2,209,193.0
2023-05-25,Astoria,5,Thursday,0,Evening,3,126,209.0
2023-05-26,Astoria,5,Friday,0,Morning,1,227,126.0
2023-05-26,Astoria,5,Friday,0,Afternoon,2,233,227.0
2023-05-26,Astoria,5,Friday,0,Evening,3,131,233.0
2023-05-27,Astoria,5,Saturday,1,Morning,1,222,131.0
2023-05-27,Astoria,5,Saturday,1,Afternoon,2,189,222.0
2023-05-27,Astoria,5,Saturday,1,Evening,3,129,189.0
2023-05-28,Astoria,5,Sunday,1,Morning,1,207,129.0
2023-05-28,Astoria,5,Sunday,1,Afternoon,2,204,207.0
2023-05-28,Astoria,5,Sunday,1,Evening,3,120,204.0
2023-05-29,Astoria,5,Monday,0,Morning,1,190,120.0
2023-05-29,Astoria,5,Monday,0,Afternoon,2,212,190.0
2023-05-29,Astoria,5,Monday,0,Evening,3,114,212.0
2023-05-30,Astoria,5,Tuesday,0,Morning,1,266,114.0
2023-05-30,Astoria,5,Tuesday,0,Afternoon,2,175,266.0
2023-05-30,Astoria,5,Tuesday,0,Evening,3,98,175.0
2023-05-31,Astoria,5,Wednesday,0,Morning,1,302,98.0
2023-05-31,Astoria,5,Wednesday,0,Afternoon,2,123,302.0
2023-05-31,Astoria,5,Wednesday,0,Evening,3,87,123.0
2023-06-01,Astoria,6,Thursday,0,Morning,1,67,87.0
2023-06-01,Astoria,6,Thursday,0,Afternoon,2,331,67.0
2023-06-01,Astoria,6,Thursday,0,Evening,3,185,331.0
2023-06-02,Astoria,6,Friday,0,Morning,1,56,185.0
2023-06-02,Astoria,6,Friday,0,Afternoon,2,346,56.0
2023-06-02,Astoria,6,Friday,0,Evening,3,220,346.0
2023-06-03,Astoria,6,Saturday,1,Morning,1,96,220.0
2023-06-03,Astoria,6,Saturday,1,Afternoon,2,328,96.0
2023-06-03,Astoria,6,Saturday,1,Evening,3,192,328.0
2023-06-04,Astoria,6,Sunday,1,Morning,1,52,192.0
2023-06-04,Astoria,6,Sunday,1,Afternoon,2,342,52.0
2023-06-04,Astoria,6,Sunday,1,Evening,3,178,342.0
2023-06-05,Astoria,6,Monday,0,Morning,1,46,178.0
2023-06-05,Astoria,6,Monday,0,Afternoon,2,350,46.0
2023-06-05,Astoria,6,Monday,0,Evening,3,199,350.0
2023-06-06,Astoria,6,Tuesday,0,Morning,1,36,199.0
2023-06-06,Astoria,6,Tuesday,0,Afternoon,2,255,36.0
2023-06-06,Astoria,6,Tuesday,0,Evening,3,155,255.0
2023-06-07,Astoria,6,Wednesday,0,Morning,1,200,155.0
2023-06-07,Astoria,6,Wednesday,0,Afternoon,2,184,200.0
2023-06-07,Astoria,6,Wednesday,0,Evening,3,110,184.0
2023-06-08,Astoria,6,Thursday,0,Morning,1,210,110.0
2023-06-08,Astoria,6,Thursday,0,Afternoon,2,233,210.0
2023-06-08,Astoria,6,Thursday,0,Evening,3,131,233.0
2023-06-09,Astoria,6,Friday,0,Morning,1,281,131.0
2023-06-09,Astoria,6,Friday,0,Afternoon,2,99,281.0
2023-06-09,Astoria,6,Friday,0,Evening,3,53,99.0
2023-06-10,Astoria,6,Saturday,1,Morning,1,367,53.0
2023-06-10,Astoria,6,Saturday,1,Afternoon,2,107,367.0
2023-06-10,Astoria,6,Saturday,1,Evening,3,64,107.0
2023-06-11,Astoria,6,Sunday,1,Morning,1,323,64.0
2023-06-11,Astoria,6,Sunday,1,Afternoon,2,120,323.0
2023-06-11,Astoria,6,Sunday,1,Evening,3,81,120.0
2023-06-12,Astoria,6,Monday,0,Morning,1,242,81.0
2023-06-12,Astoria,6,Monday,0,Afternoon,2,89,242.0
2023-06-12,Astoria,6,Monday,0,Evening,3,63,89.0
2023-06-13,Astoria,6,Tuesday,0,Morning,1,311,63.0
2023-06-13,Astoria,6,Tuesday,0,Afternoon,2,100,311.0
2023-06-13,Astoria,6,Tuesday,0,Evening,3,69,100.0
2023-06-14,Astoria,6,Wednesday,0,Morning,1,264,69.0
2023-06-14,Astoria,6,Wednesday,0,Afternoon,2,86,264.0
2023-06-14,Astoria,6,Wednesday,0,Evening,3,75,86.0
2023-06-15,Astoria,6,Thursday,0,Morning,1,461,75.0
2023-06-15,Astoria,6,Thursday,0,Afternoon,2,106,461.0
2023-06-15,Astoria,6,Thursday,0,Evening,3,94,106.0
2023-06-16,Astoria,6,Friday,0,Morning,1,435,94.0
2023-06-16,Astoria,6,Friday,0,Afternoon,2,155,435.0
2023-06-16,Astoria,6,Friday,0,Evening,3,89,155.0
2023-06-17,Astoria,6,Saturday,1,Morning,1,419,89.0
2023-06-17,Astoria,6,Saturday,1,Afternoon,2,104,419.0
2023-06-17,Astoria,6,Saturday,1,Evening,3,95,104.0
2023-06-18,Astoria,6,Sunday,1,Morning,1,398,95.0
2023-06-18,Astoria,6,Sunday,1,Afternoon,2,131,398.0
2023-06-18,Astoria,6,Sunday,1,Evening,3,76,131.0
2023-06-19,Astoria,6,Monday,0,Morning,1,474,76.0
2023-06-19,Astoria,6,Monday,0,Afternoon,2,119,474.0
2023-06-19,Astoria,6,Monday,0,Evening,3,95,119.0
2023-06-20,Astoria,6,Tuesday,0,Morning,1,273,95.0
2023-06-20,Astoria,6,Tuesday,0,Afternoon,2,104,273.0
2023-06-20,Astoria,6,Tuesday,0,Evening,3,63,104.0
2023-06-21,Astoria,6,Wednesday,0,Morning,1,289,63.0
2023-06-21,Astoria,6,Wednesday,0,Afternoon,2,71,289.0
2023-06-21,Astoria,6,Wednesday,0,Evening,3,78,71.0
2023-06-22,Astoria,6,Thursday,0,Morning,1,237,78.0
2023-06-22,Astoria,6,Thursday,0,Afternoon,2,258,237.0
2023-06-22,Astoria,6,Thursday,0,Evening,3,118,258.0
2023-06-23,Astoria,6,Friday,0,Morning,1,230,118.0
2023-06-23,Astoria,6,Friday,0,Afternoon,2,225,230.0
2023-06-23,Astoria,6,Friday,0,Evening,3,139,225.0
2023-06-24,Astoria,6,Saturday,1,Morning,1,264,139.0
2023-06-24,Astoria,6,Saturday,1,Afternoon,2,269,264.0
2023-06-24,Astoria,6,Saturday,1,Evening,3,145,269.0
2023-06-25,Astoria,6,Sunday,1,Morning,1,222,145.0
2023-06-25,Astoria,6,Sunday,1,Afternoon,2,219,222.0
2023-06-25,Astoria,6,Sunday,1,Evening,3,127,219.0
2023-06-26,Astoria,6,Monday,0,Morning,1,253,127.0
2023-06-26,Astoria,6,Monday,0,Afternoon,2,237,253.0
2023-06-26,Astoria,6,Monday,0,Evening,3,145,237.0
2023-06-27,Astoria,6,Tuesday,0,Morning,1,234,145.0
2023-06-27,Astoria,6,Tuesday,0,Afternoon,2,220,234.0
2023-06-27,Astoria,6,Tuesday,0,Evening,3,144,220.0
2023-06-28,Astoria,6,Wednesday,0,Morning,1,249,144.0
2023-06-28,Astoria,6,Wednesday,0,Afternoon,2,205,249.0
2023-06-28,Astoria,6,Wednesday,0,Evening,3,126,205.0
2023-06-29,Astoria,6,Thursday,0,Morning,1,212,126.0
2023-06-29,Astoria,6,Thursday,0,Afternoon,2,233,212.0
2023-06-29,Astoria,6,Thursday,0,Evening,3,140,233.0
2023-06-30,Astoria,6,Friday,0,Morning,1,317,140.0
2023-06-30,Astoria,6,Friday,0,Afternoon,2,146,317.0
2023-06-30,Astoria,6,Friday,0,Evening,3,114,146.0
2023-01-01,Hell's Kitchen,1,Sunday,1,Morning,1,75,0.0
2023-01-01,Hell's Kitchen,1,Sunday,1,Afternoon,2,109,75.0
2023-01-01,Hell's Kitchen,1,Sunday,1,Evening,3,86,109.0
2023-01-02,Hell's Kitchen,1,Monday,0,Morning,1,99,86.0
2023-01-02,Hell's Kitchen,1,Monday,0,Afternoon,2,109,99.0
2023-01-02,Hell's Kitchen,1,Monday,0,Evening,3,64,109.0
2023-01-03,Hell's Kitchen,1,Tuesday,0,Morning,1,93,64.0
2023-01-03,Hell's Kitchen,1,Tuesday,0,Afternoon,2,135,93.0
2023-01-03,Hell's Kitchen,1,Tuesday,0,Evening,3,67,135.0
2023-01-04,Hell's Kitchen,1,Wednesday,0,Morning,1,87,67.0
2023-01-04,Hell's Kitchen,1,Wednesday,0,Afternoon,2,97,87.0
2023-01-04,Hell's Kitchen,1,Wednesday,0,Evening,3,72,97.0
2023-01-05,Hell's Kitchen,1,Thursday,0,Morning,1,71,72.0
2023-01-05,Hell's Kitchen,1,Thursday,0,Afternoon,2,102,71.0
2023-01-05,Hell's Kitchen,1,Thursday,0,Evening,3,62,102.0
2023-01-06,Hell's Kitchen,1,Friday,0,Morning,1,84,62.0
2023-01-06,Hell's Kitchen,1,Friday,0,Afternoon,2,120,84.0
2023-01-06,Hell's Kitchen,1,Friday,0,Evening,3,52,120.0
2023-01-07,Hell's Kitchen,1,Saturday,1,Morning,1,213,52.0
2023-01-07,Hell's Kitchen,1,Saturday,1,Afternoon,2,42,213.0
2023-01-07,Hell's Kitchen,1,Saturday,1,Evening,3,68,42.0
2023-01-08,Hell's Kitchen,1,Sunday,1,Morning,1,184,68.0
2023-01-08,Hell's Kitchen,1,Sunday,1,Afternoon,2,58,184.0
2023-01-08,Hell's Kitchen,1,Sunday,1,Evening,3,35,58.0
2023-01-09,Hell's Kitchen,1,Monday,0,Morning,1,182,35.0
2023-01-09,Hell's Kitchen,1,Monday,0,Afternoon,2,55,182.0
2023-01-09,Hell's Kitchen,1,Monday,0,Evening,3,35,55.0
2023-01-10,Hell's Kitchen,1,Tuesday,0,Morning,1,173,35.0
2023-01-10,Hell's Kitchen,1,Tuesday,0,Afternoon,2,61,173.0
2023-01-10,Hell's Kitchen,1,Tuesday,0,Evening,3,39,61.0
2023-01-11,Hell's Kitchen,1,Wednesday,0,Morning,1,198,39.0
2023-01-11,Hell's Kitchen,1,Wednesday,0,Afternoon,2,55,198.0
2023-01-11,Hell's Kitchen,1,Wednesday,0,Evening,3,42,55.0
2023-01-12,Hell's Kitchen,1,Thursday,0,Morning,1,149,42.0
2023-01-12,Hell's Kitchen,1,Thursday,0,Afternoon,2,64,149.0
2023-01-12,Hell's Kitchen,1,Thursday,0,Evening,3,38,64.0
2023-01-13,Hell's Kitchen,1,Friday,0,Morning,1,274,38.0
2023-01-13,Hell's Kitchen,1,Friday,0,Afternoon,2,80,274.0
2023-01-13,Hell's Kitchen,1,Friday,0,Evening,3,55,80.0
2023-01-14,Hell's Kitchen,1,Saturday,1,Morning,1,233,55.0
2023-01-14,Hell's Kitchen,1,Saturday,1,Afternoon,2,36,233.0
2023-01-14,Hell's Kitchen,1,Saturday,1,Evening,3,57,36.0
2023-01-15,Hell's Kitchen,1,Sunday,1,Morning,1,196,57.0
2023-01-15,Hell's Kitchen,1,Sunday,1,Afternoon,2,47,196.0
2023-01-15,Hell's Kitchen,1,Sunday,1,Evening,3,37,47.0
2023-01-16,Hell's Kitchen,1,Monday,0,Morning,1,196,37.0
2023-01-16,Hell's Kitchen,1,Monday,0,Afternoon,2,46,196.0
2023-01-16,Hell's Kitchen,1,Monday,0,Evening,3,35,46.0
2023-01-17,Hell's Kitchen,1,Tuesday,0,Morning,1,169,35.0
2023-01-17,Hell's Kitchen,1,Tuesday,0,Afternoon,2,33,169.0
2023-01-17,Hell's Kitchen,1,Tuesday,0,Evening,3,12,33.0
2023-01-18,Hell's Kitchen,1,Wednesday,0,Morning,1,186,12.0
2023-01-18,Hell's Kitchen,1,Wednesday,0,Afternoon,2,53,186.0
2023-01-18,Hell's Kitchen,1,Wednesday,0,Evening,3,24,53.0
2023-01-19,Hell's Kitchen,1,Thursday,0,Morning,1,205,24.0
2023-01-19,Hell's Kitchen,1,Thursday,0,Afternoon,2,59,205.0
2023-01-19,Hell's Kitchen,1,Thursday,0,Evening,3,29,59.0
2023-01-20,Hell's Kitchen,1,Friday,0,Morning,1,172,29.0
2023-01-20,Hell's Kitchen,1,Friday,0,Afternoon,2,65,172.0
2023-01-20,Hell's Kitchen,1,Friday,0,Evening,3,47,65.0
2023-01-21,Hell's Kitchen,1,Saturday,1,Morning,1,207,47.0
2023-01-21,Hell's Kitchen,1,Saturday,1,Afternoon,2,71,207.0
2023-01-21,Hell's Kitchen,1,Saturday,1,Evening,3,40,71.0
2023-01-22,Hell's Kitchen,1,Sunday,1,Morning,1,102,40.0
2023-01-22,Hell's Kitchen,1,Sunday,1,Afternoon,2,56,102.0
2023-01-22,Hell's Kitchen,1,Sunday,1,Evening,3,38,56.0
2023-01-23,Hell's Kitchen,1,Monday,0,Morning,1,192,38.0
2023-01-23,Hell's Kitchen,1,Monday,0,Afternoon,2,65,192.0
2023-01-23,Hell's Kitchen,1,Monday,0,Evening,3,47,65.0
2023-01-24,Hell's Kitchen,1,Tuesday,0,Morning,1,132,47.0
2023-01-24,Hell's Kitchen,1,Tuesday,0,Afternoon,2,78,132.0
2023-01-24,Hell's Kitchen,1,Tuesday,0,Evening,3,32,78.0
2023-01-25,Hell's Kitchen,1,Wednesday,0,Morning,1,153,32.0
2023-01-25,Hell's Kitchen,1,Wednesday,0,Afternoon,2,70,153.0
2023-01-25,Hell's Kitchen,1,Wednesday,0,Evening,3,35,70.0
2023-01-26,Hell's Kitchen,1,Thursday,0,Morning,1,145,35.0
2023-01-26,Hell's Kitchen,1,Thursday,0,Afternoon,2,55,145.0
2023-01-26,Hell's Kitchen,1,Thursday,0,Evening,3,55,55.0
2023-01-27,Hell's Kitchen,1,Friday,0,Morning,1,182,55.0
2023-01-27,Hell's Kitchen,1,Friday,0,Afternoon,2,42,182.0
2023-01-27,Hell's Kitchen,1,Friday,0,Evening,3,40,42.0
2023-01-28,Hell's Kitchen,1,Saturday,1,Morning,1,64,40.0
2023-01-28,Hell's Kitchen,1,Saturday,1,Afternoon,2,118,64.0
2023-01-28,Hell's Kitchen,1,Saturday,1,Evening,3,45,118.0
2023-01-29,Hell's Kitchen,1,Sunday,1,Morning,1,74,45.0
2023-01-29,Hell's Kitchen,1,Sunday,1,Afternoon,2,84,74.0
2023-01-29,Hell's Kitchen,1,Sunday,1,Evening,3,37,84.0
2023-01-30,Hell's Kitchen,1,Monday,0,Morning,1,147,37.0
2023-01-30,Hell's Kitchen,1,Monday,0,Afternoon,2,57,147.0
2023-01-30,Hell's Kitchen,1,Monday,0,Evening,3,38,57.0
2023-01-31,Hell's Kitchen,1,Tuesday,0,Morning,1,155,38.0
2023-01-31,Hell's Kitchen,1,Tuesday,0,Afternoon,2,38,155.0
2023-01-31,Hell's Kitchen,1,Tuesday,0,Evening,3,25,38.0
2023-02-01,Hell's Kitchen,2,Wednesday,0,Morning,1,73,25.0
2023-02-01,Hell's Kitchen,2,Wednesday,0,Afternoon,2,110,73.0
2023-02-01,Hell's Kitchen,2,Wednesday,0,Evening,3,86,110.0
2023-02-02,Hell's Kitchen,2,Thursday,0,Morning,1,104,86.0
2023-02-02,Hell's Kitchen,2,Thursday,0,Afternoon,2,119,104.0
2023-02-02,Hell's Kitchen,2,Thursday,0,Evening,3,64,119.0
2023-02-03,Hell's Kitchen,2,Friday,0,Morning,1,92,64.0
2023-02-03,Hell's Kitchen,2,Friday,0,Afternoon,2,121,92.0
2023-02-03,Hell's Kitchen,2,Friday,0,Evening,3,78,121.0
2023-02-04,Hell's Kitchen,2,Saturday,1,Morning,1,102,78.0
2023-02-04,Hell's Kitchen,2,Saturday,1,Afternoon,2,106,102.0
2023-02-04,Hell's Kitchen,2,Saturday,1,Evening,3,70,106.0
2023-02-05,Hell's Kitchen,2,Sunday,1,Morning,1,81,70.0
2023-02-05,Hell's Kitchen,2,Sunday,1,Afternoon,2,93,81.0
2023-02-05,Hell's Kitchen,2,Sunday,1,Evening,3,59,93.0
2023-02-06,Hell's Kitchen,2,Monday,0,Morning,1,72,59.0
2023-02-06,Hell's Kitchen,2,Monday,0,Afternoon,2,124,72.0
2023-02-06,Hell's Kitchen,2,Monday,0,Evening,3,68,124.0
2023-02-07,Hell's Kitchen,2,Tuesday,0,Morning,1,152,68.0
2023-02-07,Hell's Kitchen,2,Tuesday,0,Afternoon,2,60,152.0
2023-02-07,Hell's Kitchen,2,Tuesday,0,Evening,3,80,60.0
2023-02-08,Hell's Kitchen,2,Wednesday,0,Morning,1,182,80.0
2023-02-08,Hell's Kitchen,2,Wednesday,0,Afternoon,2,78,182.0
2023-02-08,Hell's Kitchen,2,Wednesday,0,Evening,3,38,78.0
2023-02-09,Hell's Kitchen,2,Thursday,0,Morning,1,212,38.0
2023-02-09,Hell's Kitchen,2,Thursday,0,Afternoon,2,50,212.0
2023-02-09,Hell's Kitchen,2,Thursday,0,Evening,3,30,50.0
2023-02-10,Hell's Kitchen,2,Friday,0,Morning,1,203,30.0
2023-02-10,Hell's Kitchen,2,Friday,0,Afternoon,2,66,203.0
2023-02-10,Hell's Kitchen,2,Friday,0,Evening,3,57,66.0
2023-02-11,Hell's Kitchen,2,Saturday,1,Morning,1,188,57.0
2023-02-11,Hell's Kitchen,2,Saturday,1,Afternoon,2,70,188.0
2023-02-11,Hell's Kitchen,2,Saturday,1,Evening,3,49,70.0
2023-02-12,Hell's Kitchen,2,Sunday,1,Morning,1,187,49.0
2023-02-12,Hell's Kitchen,2,Sunday,1,Afternoon,2,75,187.0
2023-02-12,Hell's Kitchen,2,Sunday,1,Evening,3,64,75.0
2023-02-13,Hell's Kitchen,2,Monday,0,Morning,1,244,64.0
2023-02-13,Hell's Kitchen,2,Monday,0,Afternoon,2,70,244.0
2023-02-13,Hell's Kitchen,2,Monday,0,Evening,3,49,70.0
2023-02-14,Hell's Kitchen,2,Tuesday,0,Morning,1,247,49.0
2023-02-14,Hell's Kitchen,2,Tuesday,0,Afternoon,2,40,247.0
2023-02-14,Hell's Kitchen,2,Tuesday,0,Evening,3,62,40.0
2023-02-15,Hell's Kitchen,2,Wednesday,0,Morning,1,183,62.0
2023-02-15,Hell's Kitchen,2,Wednesday,0,Afternoon,2,40,183.0
2023-02-15,Hell's Kitchen,2,Wednesday,0,Evening,3,31,40.0
2023-02-16,Hell's Kitchen,2,Thursday,0,Morning,1,194,31.0
2023-02-16,Hell's Kitchen,2,Thursday,0,Afternoon,2,46,194.0
2023-02-16,Hell's Kitchen,2,Thursday,0,Evening,3,25,46.0
2023-02-17,Hell's Kitchen,2,Friday,0,Morning,1,142,25.0
2023-02-17,Hell's Kitchen,2,Friday,0,Afternoon,2,44,142.0
2023-02-17,Hell's Kitchen,2,Friday,0,Evening,3,23,44.0
2023-02-18,Hell's Kitchen,2,Saturday,1,Morning,1,213,23.0
2023-02-18,Hell's Kitchen,2,Saturday,1,Afternoon,2,58,213.0
2023-02-18,Hell's Kitchen,2,Saturday,1,Evening,3,26,58.0
2023-02-19,Hell's Kitchen,2,Sunday,1,Morning,1,228,26.0
2023-02-19,Hell's Kitchen,2,Sunday,1,Afternoon,2,63,228.0
2023-02-19,Hell's Kitchen,2,Sunday,1,Evening,3,40,63.0
2023-02-20,Hell's Kitchen,2,Monday,0,Morning,1,201,40.0
2023-02-20,Hell's Kitchen,2,Monday,0,Afternoon,2,64,201.0
2023-02-20,Hell's Kitchen,2,Monday,0,Evening,3,51,64.0
2023-02-21,Hell's Kitchen,2,Tuesday,0,Morning,1,184,51.0
2023-02-21,Hell's Kitchen,2,Tuesday,0,Afternoon,2,79,184.0
2023-02-21,Hell's Kitchen,2,Tuesday,0,Evening,3,44,79.0
2023-02-22,Hell's Kitchen,2,Wednesday,0,Morning,1,153,44.0
2023-02-22,Hell's Kitchen,2,Wednesday,0,Afternoon,2,69,153.0
2023-02-22,Hell's Kitchen,2,Wednesday,0,Evening,3,32,69.0
2023-02-23,Hell's Kitchen,2,Thursday,0,Morning,1,157,32.0
2023-02-23,Hell's Kitchen,2,Thursday,0,Afternoon,2,48,157.0
2023-02-23,Hell's Kitchen,2,Thursday,0,Evening,3,35,48.0
2023-02-24,Hell's Kitchen,2,Friday,0,Morning,1,160,35.0
2023-02-24,Hell's Kitchen,2,Friday,0,Afternoon,2,62,160.0
2023-02-24,Hell's Kitchen,2,Friday,0,Evening,3,34,62.0
2023-02-25,Hell's Kitchen,2,Saturday,1,Morning,1,164,34.0
2023-02-25,Hell's Kitchen,2,Saturday,1,Afternoon,2,58,164.0
2023-02-25,Hell's Kitchen,2,Saturday,1,Evening,3,33,58.0
2023-02-26,Hell's Kitchen,2,Sunday,1,Morning,1,147,33.0
2023-02-26,Hell's Kitchen,2,Sunday,1,Afternoon,2,73,147.0
2023-02-26,Hell's Kitchen,2,Sunday,1,Evening,3,49,73.0
2023-02-27,Hell's Kitchen,2,Monday,0,Morning,1,188,49.0
2023-02-27,Hell's Kitchen,2,Monday,0,Afternoon,2,43,188.0
2023-02-27,Hell's Kitchen,2,Monday,0,Evening,3,41,43.0
2023-02-28,Hell's Kitchen,2,Tuesday,0,Morning,1,68,41.0
2023-02-28,Hell's Kitchen,2,Tuesday,0,Afternoon,2,109,68.0
2023-02-28,Hell's Kitchen,2,Tuesday,0,Evening,3,60,109.0
2023-03-01,Hell's Kitchen,3,Wednesday,0,Morning,1,118,60.0
2023-03-01,Hell's Kitchen,3,Wednesday,0,Afternoon,2,123,118.0
2023-03-01,Hell's Kitchen,3,Wednesday,0,Evening,3,89,123.0
2023-03-02,Hell's Kitchen,3,Thursday,0,Morning,1,105,89.0
2023-03-02,Hell's Kitchen,3,Thursday,0,Afternoon,2,131,105.0
2023-03-02,Hell's Kitchen,3,Thursday,0,Evening,3,95,131.0
2023-03-03,Hell's Kitchen,3,Friday,0,Morning,1,85,95.0
2023-03-03,Hell's Kitchen,3,Friday,0,Afternoon,2,153,85.0
2023-03-03,Hell's Kitchen,3,Friday,0,Evening,3,90,153.0
2023-03-04,Hell's Kitchen,3,Saturday,1,Morning,1,91,90.0
2023-03-04,Hell's Kitchen,3,Saturday,1,Afternoon,2,116,91.0
2023-03-04,Hell's Kitchen,3,Saturday,1,Evening,3,74,116.0
2023-03-05,Hell's Kitchen,3,Sunday,1,Morning,1,104,74.0
2023-03-05,Hell's Kitchen,3,Sunday,1,Afternoon,2,122,104.0
2023-03-05,Hell's Kitchen,3,Sunday,1,Evening,3,73,122.0
2023-03-06,Hell's Kitchen,3,Monday,0,Morning,1,107,73.0
2023-03-06,Hell's Kitchen,3,Monday,0,Afternoon,2,140,107.0
2023-03-06,Hell's Kitchen,3,Monday,0,Evening,3,59,140.0
2023-03-07,Hell's Kitchen,3,Tuesday,0,Morning,1,208,59.0
2023-03-07,Hell's Kitchen,3,Tuesday,0,Afternoon,2,76,208.0
2023-03-07,Hell's Kitchen,3,Tuesday,0,Evening,3,90,76.0
2023-03-08,Hell's Kitchen,3,Wednesday,0,Morning,1,239,90.0
2023-03-08,Hell's Kitchen,3,Wednesday,0,Afternoon,2,70,239.0
2023-03-08,Hell's Kitchen,3,Wednesday,0,Evening,3,48,70.0
2023-03-09,Hell's Kitchen,3,Thursday,0,Morning,1,267,48.0
2023-03-09,Hell's Kitchen,3,Thursday,0,Afternoon,2,71,267.0
2023-03-09,Hell's Kitchen,3,Thursday,0,Evening,3,61,71.0
2023-03-10,Hell's Kitchen,3,Friday,0,Morning,1,246,61.0
2023-03-10,Hell's Kitchen,3,Friday,0,Afternoon,2,86,246.0
2023-03-10,Hell's Kitchen,3,Friday,0,Evening,3,52,86.0
2023-03-11,Hell's Kitchen,3,Saturday,1,Morning,1,241,52.0
2023-03-11,Hell's Kitchen,3,Saturday,1,Afternoon,2,71,241.0
2023-03-11,Hell's Kitchen,3,Saturday,1,Evening,3,51,71.0
2023-03-12,Hell's Kitchen,3,Sunday,1,Morning,1,231,51.0
2023-03-12,Hell's Kitchen,3,Sunday,1,Afternoon,2,78,231.0
2023-03-12,Hell's Kitchen,3,Sunday,1,Evening,3,61,78.0
2023-03-13,Hell's Kitchen,3,Monday,0,Morning,1,259,61.0
2023-03-13,Hell's Kitchen,3,Monday,0,Afternoon,2,100,259.0
2023-03-13,Hell's Kitchen,3,Monday,0,Evening,3,64,100.0
2023-03-14,Hell's Kitchen,3,Tuesday,0,Morning,1,269,64.0
2023-03-14,Hell's Kitchen,3,Tuesday,0,Afternoon,2,66,269.0
2023-03-14,Hell's Kitchen,3,Tuesday,0,Evening,3,45,66.0
2023-03-15,Hell's Kitchen,3,Wednesday,0,Morning,1,206,45.0
2023-03-15,Hell's Kitchen,3,Wednesday,0,Afternoon,2,57,206.0
2023-03-15,Hell's Kitchen,3,Wednesday,0,Evening,3,54,57.0
2023-03-16,Hell's Kitchen,3,Thursday,0,Morning,1,255,54.0
2023-03-16,Hell's Kitchen,3,Thursday,0,Afternoon,2,57,255.0
2023-03-16,Hell's Kitchen,3,Thursday,0,Evening,3,38,57.0
2023-03-17,Hell's Kitchen,3,Friday,0,Morning,1,167,38.0
2023-03-17,Hell's Kitchen,3,Friday,0,Afternoon,2,46,167.0
2023-03-17,Hell's Kitchen,3,Friday,0,Evening,3,23,46.0
2023-03-18,Hell's Kitchen,3,Saturday,1,Morning,1,237,23.0
2023-03-18,Hell's Kitchen,3,Saturday,1,Afternoon,2,67,237.0
2023-03-18,Hell's Kitchen,3,Saturday,1,Evening,3,33,67.0
2023-03-19,Hell's Kitchen,3,Sunday,1,Morning,1,241,33.0
2023-03-19,Hell's Kitchen,3,Sunday,1,Afternoon,2,62,241.0
2023-03-19,Hell's Kitchen,3,Sunday,1,Evening,3,37,62.0
2023-03-20,Hell's Kitchen,3,Monday,0,Morning,1,217,37.0
2023-03-20,Hell's Kitchen,3,Monday,0,Afternoon,2,80,217.0
2023-03-20,Hell's Kitchen,3,Monday,0,Evening,3,54,80.0
2023-03-21,Hell's Kitchen,3,Tuesday,0,Morning,1,243,54.0
2023-03-21,Hell's Kitchen,3,Tuesday,0,Afternoon,2,87,243.0
2023-03-21,Hell's Kitchen,3,Tuesday,0,Evening,3,64,87.0
2023-03-22,Hell's Kitchen,3,Wednesday,0,Morning,1,158,64.0
2023-03-22,Hell's Kitchen,3,Wednesday,0,Afternoon,2,67,158.0
2023-03-22,Hell's Kitchen,3,Wednesday,0,Evening,3,52,67.0
2023-03-23,Hell's Kitchen,3,Thursday,0,Morning,1,211,52.0
2023-03-23,Hell's Kitchen,3,Thursday,0,Afternoon,2,64,211.0
2023-03-23,Hell's Kitchen,3,Thursday,0,Evening,3,50,64.0
2023-03-24,Hell's Kitchen,3,Friday,0,Morning,1,188,50.0
2023-03-24,Hell's Kitchen,3,Friday,0,Afternoon,2,74,188.0
2023-03-24,Hell's Kitchen,3,Friday,0,Evening,3,38,74.0
2023-03-25,Hell's Kitchen,3,Saturday,1,Morning,1,185,38.0
2023-03-25,Hell's Kitchen,3,Saturday,1,Afternoon,2,77,185.0
2023-03-25,Hell's Kitchen,3,Saturday,1,Evening,3,35,77.0
2023-03-26,Hell's Kitchen,3,Sunday,1,Morning,1,179,35.0
2023-03-26,Hell's Kitchen,3,Sunday,1,Afternoon,2,62,179.0
2023-03-26,Hell's Kitchen,3,Sunday,1,Evening,3,46,62.0
2023-03-27,Hell's Kitchen,3,Monday,0,Morning,1,238,46.0
2023-03-27,Hell's Kitchen,3,Monday,0,Afternoon,2,80,238.0
2023-03-27,Hell's Kitchen,3,Monday,0,Evening,3,62,80.0
2023-03-28,Hell's Kitchen,3,Tuesday,0,Morning,1,84,62.0
2023-03-28,Hell's Kitchen,3,Tuesday,0,Afternoon,2,124,84.0
2023-03-28,Hell's Kitchen,3,Tuesday,0,Evening,3,72,124.0
2023-03-29,Hell's Kitchen,3,Wednesday,0,Morning,1,73,72.0
2023-03-29,Hell's Kitchen,3,Wednesday,0,Afternoon,2,100,73.0
2023-03-29,Hell's Kitchen,3,Wednesday,0,Evening,3,48,100.0
2023-03-30,Hell's Kitchen,3,Thursday,0,Morning,1,192,48.0
2023-03-30,Hell's Kitchen,3,Thursday,0,Afternoon,2,59,192.0
2023-03-30,Hell's Kitchen,3,Thursday,0,Evening,3,40,59.0
2023-03-31,Hell's Kitchen,3,Friday,0,Morning,1,201,40.0
2023-03-31,Hell's Kitchen,3,Friday,0,Afternoon,2,50,201.0
2023-03-31,Hell's Kitchen,3,Friday,0,Evening,3,39,50.0
2023-04-01,Hell's Kitchen,4,Saturday,1,Morning,1,113,39.0
2023-04-01,Hell's Kitchen,4,Saturday,1,Afternoon,2,158,113.0
2023-04-01,Hell's Kitchen,4,Saturday,1,Evening,3,119,158.0
2023-04-02,Hell's Kitchen,4,Sunday,1,Morning,1,123,119.0
2023-04-02,Hell's Kitchen,4,Sunday,1,Afternoon,2,175,123.0
2023-04-02,Hell's Kitchen,4,Sunday,1,Evening,3,101,175.0
2023-04-03,Hell's Kitchen,4,Monday,0,Morning,1,115,101.0
2023-04-03,Hell's Kitchen,4,Monday,0,Afternoon,2,165,115.0
2023-04-03,Hell's Kitchen,4,Monday,0,Evening,3,87,165.0
2023-04-04,Hell's Kitchen,4,Tuesday,0,Morning,1,131,87.0
2023-04-04,Hell's Kitchen,4,Tuesday,0,Afternoon,2,127,131.0
2023-04-04,Hell's Kitchen,4,Tuesday,0,Evening,3,97,127.0
2023-04-05,Hell's Kitchen,4,Wednesday,0,Morning,1,120,97.0
2023-04-05,Hell's Kitchen,4,Wednesday,0,Afternoon,2,149,120.0
2023-04-05,Hell's Kitchen,4,Wednesday,0,Evening,3,87,149.0
2023-04-06,Hell's Kitchen,4,Thursday,0,Morning,1,113,87.0
2023-04-06,Hell's Kitchen,4,Thursday,0,Afternoon,2,177,113.0
2023-04-06,Hell's Kitchen,4,Thursday,0,Evening,3,99,177.0
2023-04-07,Hell's Kitchen,4,Friday,0,Morning,1,288,99.0
2023-04-07,Hell's Kitchen,4,Friday,0,Afternoon,2,108,288.0
2023-04-07,Hell's Kitchen,4,Friday,0,Evening,3,94,108.0
2023-04-08,Hell's Kitchen,4,Saturday,1,Morning,1,290,94.0
2023-04-08,Hell's Kitchen,4,Saturday,1,Afternoon,2,109,290.0
2023-04-08,Hell's Kitchen,4,Saturday,1,Evening,3,44,109.0
2023-04-09,Hell's Kitchen,4,Sunday,1,Morning,1,302,44.0
2023-04-09,Hell's Kitchen,4,Sunday,1,Afternoon,2,99,302.0
2023-04-09,Hell's Kitchen,4,Sunday,1,Evening,3,59,99.0
2023-04-10,Hell's Kitchen,4,Monday,0,Morning,1,277,59.0
2023-04-10,Hell's Kitchen,4,Monday,0,Afternoon,2,93,277.0
2023-04-10,Hell's Kitchen,4,Monday,0,Evening,3,55,93.0
2023-04-11,Hell's Kitchen,4,Tuesday,0,Morning,1,273,55.0
2023-04-11,Hell's Kitchen,4,Tuesday,0,Afternoon,2,94,273.0
2023-04-11,Hell's Kitchen,4,Tuesday,0,Evening,3,53,94.0
2023-04-12,Hell's Kitchen,4,Wednesday,0,Morning,1,280,53.0
2023-04-12,Hell's Kitchen,4,Wednesday,0,Afternoon,2,120,280.0
2023-04-12,Hell's Kitchen,4,Wednesday,0,Evening,3,76,120.0
2023-04-13,Hell's Kitchen,4,Thursday,0,Morning,1,347,76.0
2023-04-13,Hell's Kitchen,4,Thursday,0,Afternoon,2,115,347.0
2023-04-13,Hell's Kitchen,4,Thursday,0,Evening,3,85,115.0
2023-04-14,Hell's Kitchen,4,Friday,0,Morning,1,338,85.0
2023-04-14,Hell's Kitchen,4,Friday,0,Afternoon,2,62,338.0
2023-04-14,Hell's Kitchen,4,Friday,0,Evening,3,83,62.0
2023-04-15,Hell's Kitchen,4,Saturday,1,Morning,1,252,83.0
2023-04-15,Hell's Kitchen,4,Saturday,1,Afternoon,2,70,252.0
2023-04-15,Hell's Kitchen,4,Saturday,1,Evening,3,50,70.0
2023-04-16,Hell's Kitchen,4,Sunday,1,Morning,1,343,50.0
2023-04-16,Hell's Kitchen,4,Sunday,1,Afternoon,2,70,343.0
2023-04-16,Hell's Kitchen,4,Sunday,1,Evening,3,48,70.0
2023-04-17,Hell's Kitchen,4,Monday,0,Morning,1,228,48.0
2023-04-17,Hell's Kitchen,4,Monday,0,Afternoon,2,45,228.0
2023-04-17,Hell's Kitchen,4,Monday,0,Evening,3,18,45.0
2023-04-18,Hell's Kitchen,4,Tuesday,0,Morning,1,337,18.0
2023-04-18,Hell's Kitchen,4,Tuesday,0,Afternoon,2,76,337.0
2023-04-18,Hell's Kitchen,4,Tuesday,0,Evening,3,57,76.0
2023-04-19,Hell's Kitchen,4,Wednesday,0,Morning,1,291,57.0
2023-04-19,Hell's Kitchen,4,Wednesday,0,Afternoon,2,90,291.0
2023-04-19,Hell's Kitchen,4,Wednesday,0,Evening,3,37,90.0
2023-04-20,Hell's Kitchen,4,Thursday,0,Morning,1,281,37.0
2023-04-20,Hell's Kitchen,4,Thursday,0,Afternoon,2,92,281.0
2023-04-20,Hell's Kitchen,4,Thursday,0,Evening,3,49,92.0
2023-04-21,Hell's Kitchen,4,Friday,0,Morning,1,292,49.0
2023-04-21,Hell's Kitchen,4,Friday,0,Afternoon,2,99,292.0
2023-04-21,Hell's Kitchen,4,Friday,0,Evening,3,75,99.0
2023-04-22,Hell's Kitchen,4,Saturday,1,Morning,1,181,75.0
2023-04-22,Hell's Kitchen,4,Saturday,1,Afternoon,2,83,181.0
2023-04-22,Hell's Kitchen,4,Saturday,1,Evening,3,51,83.0
2023-04-23,Hell's Kitchen,4,Sunday,1,Morning,1,263,51.0
2023-04-23,Hell's Kitchen,4,Sunday,1,Afternoon,2,78,263.0
2023-04-23,Hell's Kitchen,4,Sunday,1,Evening,3,55,78.0
2023-04-24,Hell's Kitchen,4,Monday,0,Morning,1,210,55.0
2023-04-24,Hell's Kitchen,4,Monday,0,Afternoon,2,88,210.0
2023-04-24,Hell's Kitchen,4,Monday,0,Evening,3,50,88.0
2023-04-25,Hell's Kitchen,4,Tuesday,0,Morning,1,233,50.0
2023-04-25,Hell's Kitchen,4,Tuesday,0,Afternoon,2,100,233.0
2023-04-25,Hell's Kitchen,4,Tuesday,0,Evening,3,43,100.0
2023-04-26,Hell's Kitchen,4,Wednesday,0,Morning,1,251,43.0
2023-04-26,Hell's Kitchen,4,Wednesday,0,Afternoon,2,93,251.0
2023-04-26,Hell's Kitchen,4,Wednesday,0,Evening,3,73,93.0
2023-04-27,Hell's Kitchen,4,Thursday,0,Morning,1,273,73.0
2023-04-27,Hell's Kitchen,4,Thursday,0,Afternoon,2,107,273.0
2023-04-27,Hell's Kitchen,4,Thursday,0,Evening,3,82,107.0
2023-04-28,Hell's Kitchen,4,Friday,0,Morning,1,108,82.0
2023-04-28,Hell's Kitchen,4,Friday,0,Afternoon,2,153,108.0
2023-04-28,Hell's Kitchen,4,Friday,0,Evening,3,83,153.0
2023-04-29,Hell's Kitchen,4,Saturday,1,Morning,1,84,83.0
2023-04-29,Hell's Kitchen,4,Saturday,1,Afternoon,2,145,84.0
2023-04-29,Hell's Kitchen,4,Saturday,1,Evening,3,61,145.0
2023-04-30,Hell's Kitchen,4,Sunday,1,Morning,1,239,61.0
2023-04-30,Hell's Kitchen,4,Sunday,1,Afternoon,2,60,239.0
2023-04-30,Hell's Kitchen,4,Sunday,1,Evening,3,47,60.0
2023-05-01,Hell's Kitchen,5,Monday,0,Morning,1,159,47.0
2023-05-01,Hell's Kitchen,5,Monday,0,Afternoon,2,207,159.0
2023-05-01,Hell's Kitchen,5,Monday,0,Evening,3,146,207.0
2023-05-02,Hell's Kitchen,5,Tuesday,0,Morning,1,163,146.0
2023-05-02,Hell's Kitchen,5,Tuesday,0,Afternoon,2,210,163.0
2023-05-02,Hell's Kitchen,5,Tuesday,0,Evening,3,144,210.0
2023-05-03,Hell's Kitchen,5,Wednesday,0,Morning,1,158,144.0
2023-05-03,Hell's Kitchen,5,Wednesday,0,Afternoon,2,203,158.0
2023-05-03,Hell's Kitchen,5,Wednesday,0,Evening,3,142,203.0
2023-05-04,Hell's Kitchen,5,Thursday,0,Morning,1,152,142.0
2023-05-04,Hell's Kitchen,5,Thursday,0,Afternoon,2,191,152.0
2023-05-04,Hell's Kitchen,5,Thursday,0,Evening,3,124,191.0
2023-05-05,Hell's Kitchen,5,Friday,0,Morning,1,157,124.0
2023-05-05,Hell's Kitchen,5,Friday,0,Afternoon,2,191,157.0
2023-05-05,Hell's Kitchen,5,Friday,0,Evening,3,115,191.0
2023-05-06,Hell's Kitchen,5,Saturday,1,Morning,1,128,115.0
2023-05-06,Hell's Kitchen,5,Saturday,1,Afternoon,2,221,128.0
2023-05-06,Hell's Kitchen,5,Saturday,1,Evening,3,129,221.0
2023-05-07,Hell's Kitchen,5,Sunday,1,Morning,1,368,129.0
2023-05-07,Hell's Kitchen,5,Sunday,1,Afternoon,2,118,368.0
2023-05-07,Hell's Kitchen,5,Sunday,1,Evening,3,149,118.0
2023-05-08,Hell's Kitchen,5,Monday,0,Morning,1,352,149.0
2023-05-08,Hell's Kitchen,5,Monday,0,Afternoon,2,140,352.0
2023-05-08,Hell's Kitchen,5,Monday,0,Evening,3,68,140.0
2023-05-09,Hell's Kitchen,5,Tuesday,0,Morning,1,417,68.0
2023-05-09,Hell's Kitchen,5,Tuesday,0,Afternoon,2,113,417.0
2023-05-09,Hell's Kitchen,5,Tuesday,0,Evening,3,78,113.0
2023-05-10,Hell's Kitchen,5,Wednesday,0,Morning,1,382,78.0
2023-05-10,Hell's Kitchen,5,Wednesday,0,Afternoon,2,134,382.0
2023-05-10,Hell's Kitchen,5,Wednesday,0,Evening,3,70,134.0
2023-05-11,Hell's Kitchen,5,Thursday,0,Morning,1,366,70.0
2023-05-11,Hell's Kitchen,5,Thursday,0,Afternoon,2,129,366.0
2023-05-11,Hell's Kitchen,5,Thursday,0,Evening,3,67,129.0
2023-05-12,Hell's Kitchen,5,Friday,0,Morning,1,354,67.0
2023-05-12,Hell's Kitchen,5,Friday,0,Afternoon,2,132,354.0
2023-05-12,Hell's Kitchen,5,Friday,0,Evening,3,97,132.0
2023-05-13,Hell's Kitchen,5,Saturday,1,Morning,1,453,97.0
2023-05-13,Hell's Kitchen,5,Saturday,1,Afternoon,2,132,453.0
2023-05-13,Hell's Kitchen,5,Saturday,1,Evening,3,99,132.0
2023-05-14,Hell's Kitchen,5,Sunday,1,Morning,1,404,99.0
2023-05-14,Hell's Kitchen,5,Sunday,1,Afternoon,2,81,404.0
2023-05-14,Hell's Kitchen,5,Sunday,1,Evening,3,76,81.0
2023-05-15,Hell's Kitchen,5,Monday,0,Morning,1,334,76.0
2023-05-15,Hell's Kitchen,5,Monday,0,Afternoon,2,83,334.0
2023-05-15,Hell's Kitchen,5,Monday,0,Evening,3,63,83.0
2023-05-16,Hell's Kitchen,5,Tuesday,0,Morning,1,392,63.0
2023-05-16,Hell's Kitchen,5,Tuesday,0,Afternoon,2,90,392.0
2023-05-16,Hell's Kitchen,5,Tuesday,0,Evening,3,59,90.0
2023-05-17,Hell's Kitchen,5,Wednesday,0,Morning,1,259,59.0
2023-05-17,Hell's Kitchen,5,Wednesday,0,Afternoon,2,63,259.0
2023-05-17,Hell's Kitchen,5,Wednesday,0,Evening,3,37,63.0
2023-05-18,Hell's Kitchen,5,Thursday,0,Morning,1,402,37.0
2023-05-18,Hell's Kitchen,5,Thursday,0,Afternoon,2,126,402.0
2023-05-18,Hell's Kitchen,5,Thursday,0,Evening,3,55,126.0
2023-05-19,Hell's Kitchen,5,Friday,0,Morning,1,391,55.0
2023-05-19,Hell's Kitchen,5,Friday,0,Afternoon,2,110,391.0
2023-05-19,Hell's Kitchen,5,Friday,0,Evening,3,60,110.0
2023-05-20,Hell's Kitchen,5,Saturday,1,Morning,1,365,60.0
2023-05-20,Hell's Kitchen,5,Saturday,1,Afternoon,2,111,365.0
2023-05-20,Hell's Kitchen,5,Saturday,1,Evening,3,92,111.0
2023-05-21,Hell's Kitchen,5,Sunday,1,Morning,1,363,92.0
2023-05-21,Hell's Kitchen,5,Sunday,1,Afternoon,2,127,363.0
2023-05-21,Hell's Kitchen,5,Sunday,1,Evening,3,115,127.0
2023-05-22,Hell's Kitchen,5,Monday,0,Morning,1,256,115.0
2023-05-22,Hell's Kitchen,5,Monday,0,Afternoon,2,119,256.0
2023-05-22,Hell's Kitchen,5,Monday,0,Evening,3,67,119.0
2023-05-23,Hell's Kitchen,5,Tuesday,0,Morning,1,351,67.0
2023-05-23,Hell's Kitchen,5,Tuesday,0,Afternoon,2,117,351.0
2023-05-23,Hell's Kitchen,5,Tuesday,0,Evening,3,76,117.0
2023-05-24,Hell's Kitchen,5,Wednesday,0,Morning,1,255,76.0
2023-05-24,Hell's Kitchen,5,Wednesday,0,Afternoon,2,123,255.0
2023-05-24,Hell's Kitchen,5,Wednesday,0,Evening,3,66,123.0
2023-05-25,Hell's Kitchen,5,Thursday,0,Morning,1,290,66.0
2023-05-25,Hell's Kitchen,5,Thursday,0,Afternoon,2,114,290.0
2023-05-25,Hell's Kitchen,5,Thursday,0,Evening,3,52,114.0
2023-05-26,Hell's Kitchen,5,Friday,0,Morning,1,279,52.0
2023-05-26,Hell's Kitchen,5,Friday,0,Afternoon,2,94,279.0
2023-05-26,Hell's Kitchen,5,Friday,0,Evening,3,78,94.0
2023-05-27,Hell's Kitchen,5,Saturday,1,Morning,1,368,78.0
2023-05-27,Hell's Kitchen,5,Saturday,1,Afternoon,2,114,368.0
2023-05-27,Hell's Kitchen,5,Saturday,1,Evening,3,100,114.0
2023-05-28,Hell's Kitchen,5,Sunday,1,Morning,1,131,100.0
2023-05-28,Hell's Kitchen,5,Sunday,1,Afternoon,2,184,131.0
2023-05-28,Hell's Kitchen,5,Sunday,1,Evening,3,89,184.0
2023-05-29,Hell's Kitchen,5,Monday,0,Morning,1,132,89.0
2023-05-29,Hell's Kitchen,5,Monday,0,Afternoon,2,168,132.0
2023-05-29,Hell's Kitchen,5,Monday,0,Evening,3,63,168.0
2023-05-30,Hell's Kitchen,5,Tuesday,0,Morning,1,304,63.0
2023-05-30,Hell's Kitchen,5,Tuesday,0,Afternoon,2,85,304.0
2023-05-30,Hell's Kitchen,5,Tuesday,0,Evening,3,37,85.0
2023-05-31,Hell's Kitchen,5,Wednesday,0,Morning,1,264,37.0
2023-05-31,Hell's Kitchen,5,Wednesday,0,Afternoon,2,96,264.0
2023-05-31,Hell's Kitchen,5,Wednesday,0,Evening,3,56,96.0
2023-06-01,Hell's Kitchen,6,Thursday,0,Morning,1,178,56.0
2023-06-01,Hell's Kitchen,6,Thursday,0,Afternoon,2,238,178.0
2023-06-01,Hell's Kitchen,6,Thursday,0,Evening,3,166,238.0
2023-06-02,Hell's Kitchen,6,Friday,0,Morning,1,168,166.0
2023-06-02,Hell's Kitchen,6,Friday,0,Afternoon,2,230,168.0
2023-06-02,Hell's Kitchen,6,Friday,0,Evening,3,157,230.0
2023-06-03,Hell's Kitchen,6,Saturday,1,Morning,1,156,157.0
2023-06-03,Hell's Kitchen,6,Saturday,1,Afternoon,2,207,156.0
2023-06-03,Hell's Kitchen,6,Saturday,1,Evening,3,159,207.0
2023-06-04,Hell's Kitchen,6,Sunday,1,Morning,1,190,159.0
2023-06-04,Hell's Kitchen,6,Sunday,1,Afternoon,2,215,190.0
2023-06-04,Hell's Kitchen,6,Sunday,1,Evening,3,124,215.0
2023-06-05,Hell's Kitchen,6,Monday,0,Morning,1,163,124.0
2023-06-05,Hell's Kitchen,6,Monday,0,Afternoon,2,228,163.0
2023-06-05,Hell's Kitchen,6,Monday,0,Evening,3,104,228.0
2023-06-06,Hell's Kitchen,6,Tuesday,0,Morning,1,159,104.0
2023-06-06,Hell's Kitchen,6,Tuesday,0,Afternoon,2,245,159.0
2023-06-06,Hell's Kitchen,6,Tuesday,0,Evening,3,129,245.0
2023-06-07,Hell's Kitchen,6,Wednesday,0,Morning,1,380,129.0
2023-06-07,Hell's Kitchen,6,Wednesday,0,Afternoon,2,147,380.0
2023-06-07,Hell's Kitchen,6,Wednesday,0,Evening,3,125,147.0
2023-06-08,Hell's Kitchen,6,Thursday,0,Morning,1,393,125.0
2023-06-08,Hell's Kitchen,6,Thursday,0,Afternoon,2,148,393.0
2023-06-08,Hell's Kitchen,6,Thursday,0,Evening,3,82,148.0
2023-06-09,Hell's Kitchen,6,Friday,0,Morning,1,441,82.0
2023-06-09,Hell's Kitchen,6,Friday,0,Afternoon,2,150,441.0
2023-06-09,Hell's Kitchen,6,Friday,0,Evening,3,102,150.0
2023-06-10,Hell's Kitchen,6,Saturday,1,Morning,1,395,102.0
2023-06-10,Hell's Kitchen,6,Saturday,1,Afternoon,2,143,395.0
2023-06-10,Hell's Kitchen,6,Saturday,1,Evening,3,74,143.0
2023-06-11,Hell's Kitchen,6,Sunday,1,Morning,1,426,74.0
2023-06-11,Hell's Kitchen,6,Sunday,1,Afternoon,2,140,426.0
2023-06-11,Hell's Kitchen,6,Sunday,1,Evening,3,70,140.0
2023-06-12,Hell's Kitchen,6,Monday,0,Morning,1,395,70.0
2023-06-12,Hell's Kitchen,6,Monday,0,Afternoon,2,139,395.0
2023-06-12,Hell's Kitchen,6,Monday,0,Evening,3,110,139.0
2023-06-13,Hell's Kitchen,6,Tuesday,0,Morning,1,499,110.0
2023-06-13,Hell's Kitchen,6,Tuesday,0,Afternoon,2,146,499.0
2023-06-13,Hell's Kitchen,6,Tuesday,0,Evening,3,124,146.0
2023-06-14,Hell's Kitchen,6,Wednesday,0,Morning,1,481,124.0
2023-06-14,Hell's Kitchen,6,Wednesday,0,Afternoon,2,100,481.0
2023-06-14,Hell's Kitchen,6,Wednesday,0,Evening,3,91,100.0
2023-06-15,Hell's Kitchen,6,Thursday,0,Morning,1,365,91.0
2023-06-15,Hell's Kitchen,6,Thursday,0,Afternoon,2,105,365.0
2023-06-15,Hell's Kitchen,6,Thursday,0,Evening,3,79,105.0
2023-06-16,Hell's Kitchen,6,Friday,0,Morning,1,419,79.0
2023-06-16,Hell's Kitchen,6,Friday,0,Afternoon,2,107,419.0
2023-06-16,Hell's Kitchen,6,Friday,0,Evening,3,71,107.0
2023-06-17,Hell's Kitchen,6,Saturday,1,Morning,1,288,71.0
2023-06-17,Hell's Kitchen,6,Saturday,1,Afternoon,2,76,288.0
2023-06-17,Hell's Kitchen,6,Saturday,1,Evening,3,33,76.0
2023-06-18,Hell's Kitchen,6,Sunday,1,Morning,1,435,33.0
2023-06-18,Hell's Kitchen,6,Sunday,1,Afternoon,2,129,435.0
2023-06-18,Hell's Kitchen,6,Sunday,1,Evening,3,74,129.0
2023-06-19,Hell's Kitchen,6,Monday,0,Morning,1,440,74.0
2023-06-19,Hell's Kitchen,6,Monday,0,Afternoon,2,121,440.0
2023-06-19,Hell's Kitchen,6,Monday,0,Evening,3,63,121.0
2023-06-20,Hell's Kitchen,6,Tuesday,0,Morning,1,368,63.0
2023-06-20,Hell's Kitchen,6,Tuesday,0,Afternoon,2,113,368.0
2023-06-20,Hell's Kitchen,6,Tuesday,0,Evening,3,94,113.0
2023-06-21,Hell's Kitchen,6,Wednesday,0,Morning,1,413,94.0
2023-06-21,Hell's Kitchen,6,Wednesday,0,Afternoon,2,146,413.0
2023-06-21,Hell's Kitchen,6,Wednesday,0,Evening,3,112,146.0
2023-06-22,Hell's Kitchen,6,Thursday,0,Morning,1,270,112.0
2023-06-22,Hell's Kitchen,6,Thursday,0,Afternoon,2,123,270.0
2023-06-22,Hell's Kitchen,6,Thursday,0,Evening,3,76,123.0
2023-06-23,Hell's Kitchen,6,Friday,0,Morning,1,352,76.0
2023-06-23,Hell's Kitchen,6,Friday,0,Afternoon,2,123,352.0
2023-06-23,Hell's Kitchen,6,Friday,0,Evening,3,95,123.0
2023-06-24,Hell's Kitchen,6,Saturday,1,Morning,1,296,95.0
2023-06-24,Hell's Kitchen,6,Saturday,1,Afternoon,2,141,296.0
2023-06-24,Hell's Kitchen,6,Saturday,1,Evening,3,74,141.0
2023-06-25,Hell's Kitchen,6,Sunday,1,Morning,1,328,74.0
2023-06-25,Hell's Kitchen,6,Sunday,1,Afternoon,2,121,328.0
2023-06-25,Hell's Kitchen,6,Sunday,1,Evening,3,78,121.0
2023-06-26,Hell's Kitchen,6,Monday,0,Morning,1,333,78.0
2023-06-26,Hell's Kitchen,6,Monday,0,Afternoon,2,120,333.0
2023-06-26,Hell's Kitchen,6,Monday,0,Evening,3,75,120.0
2023-06-27,Hell's Kitchen,6,Tuesday,0,Morning,1,385,75.0
2023-06-27,Hell's Kitchen,6,Tuesday,0,Afternoon,2,111,385.0
2023-06-27,Hell's Kitchen,6,Tuesday,0,Evening,3,98,111.0
2023-06-28,Hell's Kitchen,6,Wednesday,0,Morning,1,146,98.0
2023-06-28,Hell's Kitchen,6,Wednesday,0,Afternoon,2,208,146.0
2023-06-28,Hell's Kitchen,6,Wednesday,0,Evening,3,105,208.0
2023-06-29,Hell's Kitchen,6,Thursday,0,Morning,1,150,105.0
2023-06-29,Hell's Kitchen,6,Thursday,0,Afternoon,2,170,150.0
2023-06-29,Hell's Kitchen,6,Thursday,0,Evening,3,100,170.0
2023-06-30,Hell's Kitchen,6,Friday,0,Morning,1,360,100.0
2023-06-30,Hell's Kitchen,6,Friday,0,Afternoon,2,64,360.0
2023-06-30,Hell's Kitchen,6,Friday,0,Evening,3,54,64.0
2023-01-01,Lower Manhattan,1,Sunday,1,Morning,1,119,0.0
2023-01-01,Lower Manhattan,1,Sunday,1,Afternoon,2,112,119.0
2023-01-01,Lower Manhattan,1,Sunday,1,Evening,3,24,112.0
2023-01-02,Lower Manhattan,1,Monday,0,Morning,1,73,24.0
2023-01-02,Lower Manhattan,1,Monday,0,Afternoon,2,121,73.0
2023-01-02,Lower Manhattan,1,Monday,0,Evening,3,23,121.0
2023-01-03,Lower Manhattan,1,Tuesday,0,Morning,1,107,23.0
2023-01-03,Lower Manhattan,1,Tuesday,0,Afternoon,2,109,107.0
2023-01-03,Lower Manhattan,1,Tuesday,0,Evening,3,25,109.0
2023-01-04,Lower Manhattan,1,Wednesday,0,Morning,1,67,25.0
2023-01-04,Lower Manhattan,1,Wednesday,0,Afternoon,2,107,67.0
2023-01-04,Lower Manhattan,1,Wednesday,0,Evening,3,34,107.0
2023-01-05,Lower Manhattan,1,Thursday,0,Morning,1,121,34.0
2023-01-05,Lower Manhattan,1,Thursday,0,Afternoon,2,119,121.0
2023-01-05,Lower Manhattan,1,Thursday,0,Evening,3,18,119.0
2023-01-06,Lower Manhattan,1,Friday,0,Morning,1,114,18.0
2023-01-06,Lower Manhattan,1,Friday,0,Afternoon,2,112,114.0
2023-01-06,Lower Manhattan,1,Friday,0,Evening,3,30,112.0
2023-01-07,Lower Manhattan,1,Saturday,1,Morning,1,203,30.0
2023-01-07,Lower Manhattan,1,Saturday,1,Afternoon,2,16,203.0
2023-01-08,Lower Manhattan,1,Sunday,1,Morning,1,198,16.0
2023-01-08,Lower Manhattan,1,Sunday,1,Afternoon,2,61,198.0
2023-01-08,Lower Manhattan,1,Sunday,1,Evening,3,43,61.0
2023-01-09,Lower Manhattan,1,Monday,0,Morning,1,188,43.0
2023-01-09,Lower Manhattan,1,Monday,0,Afternoon,2,52,188.0
2023-01-09,Lower Manhattan,1,Monday,0,Evening,3,22,52.0
2023-01-10,Lower Manhattan,1,Tuesday,0,Morning,1,195,22.0
2023-01-10,Lower Manhattan,1,Tuesday,0,Afternoon,2,71,195.0
2023-01-10,Lower Manhattan,1,Tuesday,0,Evening,3,11,71.0
2023-01-11,Lower Manhattan,1,Wednesday,0,Morning,1,159,11.0
2023-01-11,Lower Manhattan,1,Wednesday,0,Afternoon,2,76,159.0
2023-01-11,Lower Manhattan,1,Wednesday,0,Evening,3,23,76.0
2023-01-12,Lower Manhattan,1,Thursday,0,Morning,1,207,23.0
2023-01-12,Lower Manhattan,1,Thursday,0,Afternoon,2,66,207.0
2023-01-12,Lower Manhattan,1,Thursday,0,Evening,3,29,66.0
2023-01-13,Lower Manhattan,1,Friday,0,Morning,1,190,29.0
2023-01-13,Lower Manhattan,1,Friday,0,Afternoon,2,82,190.0
2023-01-13,Lower Manhattan,1,Friday,0,Evening,3,23,82.0
2023-01-14,Lower Manhattan,1,Saturday,1,Morning,1,154,23.0
2023-01-14,Lower Manhattan,1,Saturday,1,Afternoon,2,56,154.0
2023-01-14,Lower Manhattan,1,Saturday,1,Evening,3,22,56.0
2023-01-15,Lower Manhattan,1,Sunday,1,Morning,1,189,22.0
2023-01-15,Lower Manhattan,1,Sunday,1,Afternoon,2,83,189.0
2023-01-15,Lower Manhattan,1,Sunday,1,Evening,3,10,83.0
2023-01-16,Lower Manhattan,1,Monday,0,Morning,1,181,10.0
2023-01-16,Lower Manhattan,1,Monday,0,Afternoon,2,69,181.0
2023-01-16,Lower Manhattan,1,Monday,0,Evening,3,9,69.0
2023-01-17,Lower Manhattan,1,Tuesday,0,Morning,1,172,9.0
2023-01-17,Lower Manhattan,1,Tuesday,0,Afternoon,2,63,172.0
2023-01-17,Lower Manhattan,1,Tuesday,0,Evening,3,16,63.0
2023-01-18,Lower Manhattan,1,Wednesday,0,Morning,1,180,16.0
2023-01-18,Lower Manhattan,1,Wednesday,0,Afternoon,2,73,180.0
2023-01-18,Lower Manhattan,1,Wednesday,0,Evening,3,16,73.0
2023-01-19,Lower Manhattan,1,Thursday,0,Morning,1,158,16.0
2023-01-19,Lower Manhattan,1,Thursday,0,Afternoon,2,72,158.0
2023-01-19,Lower Manhattan,1,Thursday,0,Evening,3,22,72.0
2023-01-20,Lower Manhattan,1,Friday,0,Morning,1,184,22.0
2023-01-20,Lower Manhattan,1,Friday,0,Afternoon,2,59,184.0
2023-01-20,Lower Manhattan,1,Friday,0,Evening,3,25,59.0
2023-01-21,Lower Manhattan,1,Saturday,1,Morning,1,218,25.0
2023-01-21,Lower Manhattan,1,Saturday,1,Afternoon,2,70,218.0
2023-01-21,Lower Manhattan,1,Saturday,1,Evening,3,7,70.0
2023-01-22,Lower Manhattan,1,Sunday,1,Morning,1,223,7.0
2023-01-22,Lower Manhattan,1,Sunday,1,Afternoon,2,74,223.0
2023-01-22,Lower Manhattan,1,Sunday,1,Evening,3,35,74.0
2023-01-23,Lower Manhattan,1,Monday,0,Morning,1,174,35.0
2023-01-23,Lower Manhattan,1,Monday,0,Afternoon,2,74,174.0
2023-01-23,Lower Manhattan,1,Monday,0,Evening,3,41,74.0
2023-01-24,Lower Manhattan,1,Tuesday,0,Morning,1,240,41.0
2023-01-24,Lower Manhattan,1,Tuesday,0,Afternoon,2,97,240.0
2023-01-24,Lower Manhattan,1,Tuesday,0,Evening,3,12,97.0
2023-01-25,Lower Manhattan,1,Wednesday,0,Morning,1,205,12.0
2023-01-25,Lower Manhattan,1,Wednesday,0,Afternoon,2,109,205.0
2023-01-25,Lower Manhattan,1,Wednesday,0,Evening,3,20,109.0
2023-01-26,Lower Manhattan,1,Thursday,0,Morning,1,237,20.0
2023-01-26,Lower Manhattan,1,Thursday,0,Afternoon,2,51,237.0
2023-01-26,Lower Manhattan,1,Thursday,0,Evening,3,36,51.0
2023-01-27,Lower Manhattan,1,Friday,0,Morning,1,212,36.0
2023-01-27,Lower Manhattan,1,Friday,0,Afternoon,2,102,212.0
2023-01-27,Lower Manhattan,1,Friday,0,Evening,3,35,102.0
2023-01-28,Lower Manhattan,1,Saturday,1,Morning,1,89,35.0
2023-01-28,Lower Manhattan,1,Saturday,1,Afternoon,2,93,89.0
2023-01-28,Lower Manhattan,1,Saturday,1,Evening,3,19,93.0
2023-01-29,Lower Manhattan,1,Sunday,1,Morning,1,80,19.0
2023-01-29,Lower Manhattan,1,Sunday,1,Afternoon,2,91,80.0
2023-01-29,Lower Manhattan,1,Sunday,1,Evening,3,25,91.0
2023-01-30,Lower Manhattan,1,Monday,0,Morning,1,145,25.0
2023-01-30,Lower Manhattan,1,Monday,0,Afternoon,2,53,145.0
2023-01-30,Lower Manhattan,1,Monday,0,Evening,3,11,53.0
2023-01-31,Lower Manhattan,1,Tuesday,0,Morning,1,145,11.0
2023-01-31,Lower Manhattan,1,Tuesday,0,Afternoon,2,53,145.0
2023-01-31,Lower Manhattan,1,Tuesday,0,Evening,3,10,53.0
2023-02-01,Lower Manhattan,2,Wednesday,0,Morning,1,102,10.0
2023-02-01,Lower Manhattan,2,Wednesday,0,Afternoon,2,119,102.0
2023-02-01,Lower Manhattan,2,Wednesday,0,Evening,3,34,119.0
2023-02-02,Lower Manhattan,2,Thursday,0,Morning,1,87,34.0
2023-02-02,Lower Manhattan,2,Thursday,0,Afternoon,2,108,87.0
2023-02-02,Lower Manhattan,2,Thursday,0,Evening,3,30,108.0
2023-02-03,Lower Manhattan,2,Friday,0,Morning,1,102,30.0
2023-02-03,Lower Manhattan,2,Friday,0,Afternoon,2,112,102.0
2023-02-03,Lower Manhattan,2,Friday,0,Evening,3,28,112.0
2023-02-04,Lower Manhattan,2,Saturday,1,Morning,1,109,28.0
2023-02-04,Lower Manhattan,2,Saturday,1,Afternoon,2,130,109.0
2023-02-04,Lower Manhattan,2,Saturday,1,Evening,3,46,130.0
2023-02-05,Lower Manhattan,2,Sunday,1,Morning,1,122,46.0
2023-02-05,Lower Manhattan,2,Sunday,1,Afternoon,2,88,122.0
2023-02-05,Lower Manhattan,2,Sunday,1,Evening,3,22,88.0
2023-02-06,Lower Manhattan,2,Monday,0,Morning,1,98,22.0
2023-02-06,Lower Manhattan,2,Monday,0,Afternoon,2,100,98.0
2023-02-06,Lower Manhattan,2,Monday,0,Evening,3,41,100.0
2023-02-07,Lower Manhattan,2,Tuesday,0,Morning,1,212,41.0
2023-02-07,Lower Manhattan,2,Tuesday,0,Afternoon,2,10,212.0
2023-02-08,Lower Manhattan,2,Wednesday,0,Morning,1,186,10.0
2023-02-08,Lower Manhattan,2,Wednesday,0,Afternoon,2,66,186.0
2023-02-08,Lower Manhattan,2,Wednesday,0,Evening,3,31,66.0
2023-02-09,Lower Manhattan,2,Thursday,0,Morning,1,160,31.0
2023-02-09,Lower Manhattan,2,Thursday,0,Afternoon,2,46,160.0
2023-02-09,Lower Manhattan,2,Thursday,0,Evening,3,38,46.0
2023-02-10,Lower Manhattan,2,Friday,0,Morning,1,208,38.0
2023-02-10,Lower Manhattan,2,Friday,0,Afternoon,2,76,208.0
2023-02-10,Lower Manhattan,2,Friday,0,Evening,3,11,76.0
2023-02-11,Lower Manhattan,2,Saturday,1,Morning,1,182,11.0
2023-02-11,Lower Manhattan,2,Saturday,1,Afternoon,2,69,182.0
2023-02-11,Lower Manhattan,2,Saturday,1,Evening,3,14,69.0
2023-02-12,Lower Manhattan,2,Sunday,1,Morning,1,214,14.0
2023-02-12,Lower Manhattan,2,Sunday,1,Afternoon,2,91,214.0
2023-02-12,Lower Manhattan,2,Sunday,1,Evening,3,34,91.0
2023-02-13,Lower Manhattan,2,Monday,0,Morning,1,217,34.0
2023-02-13,Lower Manhattan,2,Monday,0,Afternoon,2,83,217.0
2023-02-13,Lower Manhattan,2,Monday,0,Evening,3,29,83.0
2023-02-14,Lower Manhattan,2,Tuesday,0,Morning,1,178,29.0
2023-02-14,Lower Manhattan,2,Tuesday,0,Afternoon,2,49,178.0
2023-02-14,Lower Manhattan,2,Tuesday,0,Evening,3,10,49.0
2023-02-15,Lower Manhattan,2,Wednesday,0,Morning,1,178,10.0
2023-02-15,Lower Manhattan,2,Wednesday,0,Afternoon,2,58,178.0
2023-02-15,Lower Manhattan,2,Wednesday,0,Evening,3,13,58.0
2023-02-16,Lower Manhattan,2,Thursday,0,Morning,1,171,13.0
2023-02-16,Lower Manhattan,2,Thursday,0,Afternoon,2,80,171.0
2023-02-16,Lower Manhattan,2,Thursday,0,Evening,3,15,80.0
2023-02-17,Lower Manhattan,2,Friday,0,Morning,1,154,15.0
2023-02-17,Lower Manhattan,2,Friday,0,Afternoon,2,58,154.0
2023-02-17,Lower Manhattan,2,Friday,0,Evening,3,17,58.0
2023-02-18,Lower Manhattan,2,Saturday,1,Morning,1,140,17.0
2023-02-18,Lower Manhattan,2,Saturday,1,Afternoon,2,83,140.0
2023-02-18,Lower Manhattan,2,Saturday,1,Evening,3,10,83.0
2023-02-19,Lower Manhattan,2,Sunday,1,Morning,1,175,10.0
2023-02-19,Lower Manhattan,2,Sunday,1,Afternoon,2,81,175.0
2023-02-19,Lower Manhattan,2,Sunday,1,Evening,3,19,81.0
2023-02-20,Lower Manhattan,2,Monday,0,Morning,1,223,19.0
2023-02-20,Lower Manhattan,2,Monday,0,Afternoon,2,94,223.0
2023-02-20,Lower Manhattan,2,Monday,0,Evening,3,19,94.0
2023-02-21,Lower Manhattan,2,Tuesday,0,Morning,1,188,19.0
2023-02-21,Lower Manhattan,2,Tuesday,0,Afternoon,2,66,188.0
2023-02-21,Lower Manhattan,2,Tuesday,0,Evening,3,22,66.0
2023-02-22,Lower Manhattan,2,Wednesday,0,Morning,1,208,22.0
2023-02-22,Lower Manhattan,2,Wednesday,0,Afternoon,2,89,208.0
2023-02-22,Lower Manhattan,2,Wednesday,0,Evening,3,26,89.0
2023-02-23,Lower Manhattan,2,Thursday,0,Morning,1,218,26.0
2023-02-23,Lower Manhattan,2,Thursday,0,Afternoon,2,72,218.0
2023-02-23,Lower Manhattan,2,Thursday,0,Evening,3,21,72.0
2023-02-24,Lower Manhattan,2,Friday,0,Morning,1,243,21.0
2023-02-24,Lower Manhattan,2,Friday,0,Afternoon,2,113,243.0
2023-02-24,Lower Manhattan,2,Friday,0,Evening,3,17,113.0
2023-02-25,Lower Manhattan,2,Saturday,1,Morning,1,253,17.0
2023-02-25,Lower Manhattan,2,Saturday,1,Afternoon,2,89,253.0
2023-02-25,Lower Manhattan,2,Saturday,1,Evening,3,25,89.0
2023-02-26,Lower Manhattan,2,Sunday,1,Morning,1,210,25.0
2023-02-26,Lower Manhattan,2,Sunday,1,Afternoon,2,80,210.0
2023-02-26,Lower Manhattan,2,Sunday,1,Evening,3,9,80.0
2023-02-27,Lower Manhattan,2,Monday,0,Morning,1,276,9.0
2023-02-27,Lower Manhattan,2,Monday,0,Afternoon,2,130,276.0
2023-02-27,Lower Manhattan,2,Monday,0,Evening,3,28,130.0
2023-02-28,Lower Manhattan,2,Tuesday,0,Morning,1,105,28.0
2023-02-28,Lower Manhattan,2,Tuesday,0,Afternoon,2,108,105.0
2023-02-28,Lower Manhattan,2,Tuesday,0,Evening,3,19,108.0
2023-03-01,Lower Manhattan,3,Wednesday,0,Morning,1,144,19.0
2023-03-01,Lower Manhattan,3,Wednesday,0,Afternoon,2,132,144.0
2023-03-01,Lower Manhattan,3,Wednesday,0,Evening,3,34,132.0
2023-03-02,Lower Manhattan,3,Thursday,0,Morning,1,95,34.0
2023-03-02,Lower Manhattan,3,Thursday,0,Afternoon,2,150,95.0
2023-03-02,Lower Manhattan,3,Thursday,0,Evening,3,35,150.0
2023-03-03,Lower Manhattan,3,Friday,0,Morning,1,147,35.0
2023-03-03,Lower Manhattan,3,Friday,0,Afternoon,2,127,147.0
2023-03-03,Lower Manhattan,3,Friday,0,Evening,3,37,127.0
2023-03-04,Lower Manhattan,3,Saturday,1,Morning,1,105,37.0
2023-03-04,Lower Manhattan,3,Saturday,1,Afternoon,2,149,105.0
2023-03-04,Lower Manhattan,3,Saturday,1,Evening,3,34,149.0
2023-03-05,Lower Manhattan,3,Sunday,1,Morning,1,140,34.0
2023-03-05,Lower Manhattan,3,Sunday,1,Afternoon,2,120,140.0
2023-03-05,Lower Manhattan,3,Sunday,1,Evening,3,38,120.0
2023-03-06,Lower Manhattan,3,Monday,0,Morning,1,122,38.0
2023-03-06,Lower Manhattan,3,Monday,0,Afternoon,2,130,122.0
2023-03-06,Lower Manhattan,3,Monday,0,Evening,3,47,130.0
2023-03-07,Lower Manhattan,3,Tuesday,0,Morning,1,206,47.0
2023-03-07,Lower Manhattan,3,Tuesday,0,Afternoon,2,10,206.0
2023-03-08,Lower Manhattan,3,Wednesday,0,Morning,1,220,10.0
2023-03-08,Lower Manhattan,3,Wednesday,0,Afternoon,2,73,220.0
2023-03-08,Lower Manhattan,3,Wednesday,0,Evening,3,57,73.0
2023-03-09,Lower Manhattan,3,Thursday,0,Morning,1,226,57.0
2023-03-09,Lower Manhattan,3,Thursday,0,Afternoon,2,59,226.0
2023-03-09,Lower Manhattan,3,Thursday,0,Evening,3,50,59.0
2023-03-10,Lower Manhattan,3,Friday,0,Morning,1,248,50.0
2023-03-10,Lower Manhattan,3,Friday,0,Afternoon,2,73,248.0
2023-03-10,Lower Manhattan,3,Friday,0,Evening,3,19,73.0
2023-03-11,Lower Manhattan,3,Saturday,1,Morning,1,217,19.0
2023-03-11,Lower Manhattan,3,Saturday,1,Afternoon,2,104,217.0
2023-03-11,Lower Manhattan,3,Saturday,1,Evening,3,23,104.0
2023-03-12,Lower Manhattan,3,Sunday,1,Morning,1,245,23.0
2023-03-12,Lower Manhattan,3,Sunday,1,Afternoon,2,83,245.0
2023-03-12,Lower Manhattan,3,Sunday,1,Evening,3,47,83.0
2023-03-13,Lower Manhattan,3,Monday,0,Morning,1,257,47.0
2023-03-13,Lower Manhattan,3,Monday,0,Afternoon,2,121,257.0
2023-03-13,Lower Manhattan,3,Monday,0,Evening,3,27,121.0
2023-03-14,Lower Manhattan,3,Tuesday,0,Morning,1,209,27.0
2023-03-14,Lower Manhattan,3,Tuesday,0,Afternoon,2,51,209.0
2023-03-14,Lower Manhattan,3,Tuesday,0,Evening,3,21,51.0
2023-03-15,Lower Manhattan,3,Wednesday,0,Morning,1,189,21.0
2023-03-15,Lower Manhattan,3,Wednesday,0,Afternoon,2,78,189.0
2023-03-15,Lower Manhattan,3,Wednesday,0,Evening,3,18,78.0
2023-03-16,Lower Manhattan,3,Thursday,0,Morning,1,207,18.0
2023-03-16,Lower Manhattan,3,Thursday,0,Afternoon,2,101,207.0
2023-03-16,Lower Manhattan,3,Thursday,0,Evening,3,20,101.0
2023-03-17,Lower Manhattan,3,Friday,0,Morning,1,199,20.0
2023-03-17,Lower Manhattan,3,Friday,0,Afternoon,2,73,199.0
2023-03-17,Lower Manhattan,3,Friday,0,Evening,3,26,73.0
2023-03-18,Lower Manhattan,3,Saturday,1,Morning,1,206,26.0
2023-03-18,Lower Manhattan,3,Saturday,1,Afternoon,2,101,206.0
2023-03-18,Lower Manhattan,3,Saturday,1,Evening,3,4,101.0
2023-03-19,Lower Manhattan,3,Sunday,1,Morning,1,159,4.0
2023-03-19,Lower Manhattan,3,Sunday,1,Afternoon,2,78,159.0
2023-03-19,Lower Manhattan,3,Sunday,1,Evening,3,19,78.0
2023-03-20,Lower Manhattan,3,Monday,0,Morning,1,237,19.0
2023-03-20,Lower Manhattan,3,Monday,0,Afternoon,2,86,237.0
2023-03-20,Lower Manhattan,3,Monday,0,Evening,3,29,86.0
2023-03-21,Lower Manhattan,3,Tuesday,0,Morning,1,216,29.0
2023-03-21,Lower Manhattan,3,Tuesday,0,Afternoon,2,81,216.0
2023-03-21,Lower Manhattan,3,Tuesday,0,Evening,3,22,81.0
2023-03-22,Lower Manhattan,3,Wednesday,0,Morning,1,250,22.0
2023-03-22,Lower Manhattan,3,Wednesday,0,Afternoon,2,93,250.0
2023-03-22,Lower Manhattan,3,Wednesday,0,Evening,3,27,93.0
2023-03-23,Lower Manhattan,3,Thursday,0,Morning,1,257,27.0
2023-03-23,Lower Manhattan,3,Thursday,0,Afternoon,2,88,257.0
2023-03-23,Lower Manhattan,3,Thursday,0,Evening,3,42,88.0
2023-03-24,Lower Manhattan,3,Friday,0,Morning,1,306,42.0
2023-03-24,Lower Manhattan,3,Friday,0,Afternoon,2,129,306.0
2023-03-24,Lower Manhattan,3,Friday,0,Evening,3,21,129.0
2023-03-25,Lower Manhattan,3,Saturday,1,Morning,1,277,21.0
2023-03-25,Lower Manhattan,3,Saturday,1,Afternoon,2,106,277.0
2023-03-25,Lower Manhattan,3,Saturday,1,Evening,3,33,106.0
2023-03-26,Lower Manhattan,3,Sunday,1,Morning,1,265,33.0
2023-03-26,Lower Manhattan,3,Sunday,1,Afternoon,2,85,265.0
2023-03-26,Lower Manhattan,3,Sunday,1,Evening,3,10,85.0
2023-03-27,Lower Manhattan,3,Monday,0,Morning,1,272,10.0
2023-03-27,Lower Manhattan,3,Monday,0,Afternoon,2,127,272.0
2023-03-27,Lower Manhattan,3,Monday,0,Evening,3,38,127.0
2023-03-28,Lower Manhattan,3,Tuesday,0,Morning,1,128,38.0
2023-03-28,Lower Manhattan,3,Tuesday,0,Afternoon,2,137,128.0
2023-03-28,Lower Manhattan,3,Tuesday,0,Evening,3,40,137.0
2023-03-29,Lower Manhattan,3,Wednesday,0,Morning,1,86,40.0
2023-03-29,Lower Manhattan,3,Wednesday,0,Afternoon,2,141,86.0
2023-03-29,Lower Manhattan,3,Wednesday,0,Evening,3,47,141.0
2023-03-30,Lower Manhattan,3,Thursday,0,Morning,1,234,47.0
2023-03-30,Lower Manhattan,3,Thursday,0,Afternoon,2,60,234.0
2023-03-30,Lower Manhattan,3,Thursday,0,Evening,3,25,60.0
2023-03-31,Lower Manhattan,3,Friday,0,Morning,1,218,25.0
2023-03-31,Lower Manhattan,3,Friday,0,Afternoon,2,66,218.0
2023-03-31,Lower Manhattan,3,Friday,0,Evening,3,20,66.0
2023-04-01,Lower Manhattan,4,Saturday,1,Morning,1,169,20.0
2023-04-01,Lower Manhattan,4,Saturday,1,Afternoon,2,160,169.0
2023-04-01,Lower Manhattan,4,Saturday,1,Evening,3,46,160.0
2023-04-02,Lower Manhattan,4,Sunday,1,Morning,1,111,46.0
2023-04-02,Lower Manhattan,4,Sunday,1,Afternoon,2,169,111.0
2023-04-02,Lower Manhattan,4,Sunday,1,Evening,3,47,169.0
2023-04-03,Lower Manhattan,4,Monday,0,Morning,1,181,47.0
2023-04-03,Lower Manhattan,4,Monday,0,Afternoon,2,141,181.0
2023-04-03,Lower Manhattan,4,Monday,0,Evening,3,44,141.0
2023-04-04,Lower Manhattan,4,Tuesday,0,Morning,1,138,44.0
2023-04-04,Lower Manhattan,4,Tuesday,0,Afternoon,2,165,138.0
2023-04-04,Lower Manhattan,4,Tuesday,0,Evening,3,57,165.0
2023-04-05,Lower Manhattan,4,Wednesday,0,Morning,1,188,57.0
2023-04-05,Lower Manhattan,4,Wednesday,0,Afternoon,2,150,188.0
2023-04-05,Lower Manhattan,4,Wednesday,0,Evening,3,42,150.0
2023-04-06,Lower Manhattan,4,Thursday,0,Morning,1,143,42.0
2023-04-06,Lower Manhattan,4,Thursday,0,Afternoon,2,143,143.0
2023-04-06,Lower Manhattan,4,Thursday,0,Evening,3,60,143.0
2023-04-07,Lower Manhattan,4,Friday,0,Morning,1,257,60.0
2023-04-07,Lower Manhattan,4,Friday,0,Afternoon,2,23,257.0
2023-04-08,Lower Manhattan,4,Saturday,1,Morning,1,295,23.0
2023-04-08,Lower Manhattan,4,Saturday,1,Afternoon,2,91,295.0
2023-04-08,Lower Manhattan,4,Saturday,1,Evening,3,54,91.0
2023-04-09,Lower Manhattan,4,Sunday,1,Morning,1,268,54.0
2023-04-09,Lower Manhattan,4,Sunday,1,Afternoon,2,66,268.0
2023-04-09,Lower Manhattan,4,Sunday,1,Evening,3,43,66.0
2023-04-10,Lower Manhattan,4,Monday,0,Morning,1,302,43.0
2023-04-10,Lower Manhattan,4,Monday,0,Afternoon,2,108,302.0
2023-04-10,Lower Manhattan,4,Monday,0,Evening,3,35,108.0
2023-04-11,Lower Manhattan,4,Tuesday,0,Morning,1,272,35.0
2023-04-11,Lower Manhattan,4,Tuesday,0,Afternoon,2,104,272.0
2023-04-11,Lower Manhattan,4,Tuesday,0,Evening,3,30,104.0
2023-04-12,Lower Manhattan,4,Wednesday,0,Morning,1,290,30.0
2023-04-12,Lower Manhattan,4,Wednesday,0,Afternoon,2,136,290.0
2023-04-12,Lower Manhattan,4,Wednesday,0,Evening,3,50,136.0
2023-04-13,Lower Manhattan,4,Thursday,0,Morning,1,269,50.0
2023-04-13,Lower Manhattan,4,Thursday,0,Afternoon,2,87,269.0
2023-04-13,Lower Manhattan,4,Thursday,0,Evening,3,38,87.0
2023-04-14,Lower Manhattan,4,Friday,0,Morning,1,217,38.0
2023-04-14,Lower Manhattan,4,Friday,0,Afternoon,2,76,217.0
2023-04-14,Lower Manhattan,4,Friday,0,Evening,3,16,76.0
2023-04-15,Lower Manhattan,4,Saturday,1,Morning,1,290,16.0
2023-04-15,Lower Manhattan,4,Saturday,1,Afternoon,2,94,290.0
2023-04-15,Lower Manhattan,4,Saturday,1,Evening,3,19,94.0
2023-04-16,Lower Manhattan,4,Sunday,1,Morning,1,285,19.0
2023-04-16,Lower Manhattan,4,Sunday,1,Afternoon,2,120,285.0
2023-04-16,Lower Manhattan,4,Sunday,1,Evening,3,21,120.0
2023-04-17,Lower Manhattan,4,Monday,0,Morning,1,261,21.0
2023-04-17,Lower Manhattan,4,Monday,0,Afternoon,2,80,261.0
2023-04-17,Lower Manhattan,4,Monday,0,Evening,3,28,80.0
2023-04-18,Lower Manhattan,4,Tuesday,0,Morning,1,224,28.0
2023-04-18,Lower Manhattan,4,Tuesday,0,Afternoon,2,110,224.0
2023-04-18,Lower Manhattan,4,Tuesday,0,Evening,3,18,110.0
2023-04-19,Lower Manhattan,4,Wednesday,0,Morning,1,249,18.0
2023-04-19,Lower Manhattan,4,Wednesday,0,Afternoon,2,93,249.0
2023-04-19,Lower Manhattan,4,Wednesday,0,Evening,3,22,93.0
2023-04-20,Lower Manhattan,4,Thursday,0,Morning,1,321,22.0
2023-04-20,Lower Manhattan,4,Thursday,0,Afternoon,2,119,321.0
2023-04-20,Lower Manhattan,4,Thursday,0,Evening,3,21,119.0
2023-04-21,Lower Manhattan,4,Friday,0,Morning,1,304,21.0
2023-04-21,Lower Manhattan,4,Friday,0,Afternoon,2,101,304.0
2023-04-21,Lower Manhattan,4,Friday,0,Evening,3,30,101.0
2023-04-22,Lower Manhattan,4,Saturday,1,Morning,1,357,30.0
2023-04-22,Lower Manhattan,4,Saturday,1,Afternoon,2,111,357.0
2023-04-22,Lower Manhattan,4,Saturday,1,Evening,3,41,111.0
2023-04-23,Lower Manhattan,4,Sunday,1,Morning,1,329,41.0
2023-04-23,Lower Manhattan,4,Sunday,1,Afternoon,2,109,329.0
2023-04-23,Lower Manhattan,4,Sunday,1,Evening,3,44,109.0
2023-04-24,Lower Manhattan,4,Monday,0,Morning,1,313,44.0
2023-04-24,Lower Manhattan,4,Monday,0,Afternoon,2,142,313.0
2023-04-24,Lower Manhattan,4,Monday,0,Evening,3,49,142.0
2023-04-25,Lower Manhattan,4,Tuesday,0,Morning,1,361,49.0
2023-04-25,Lower Manhattan,4,Tuesday,0,Afternoon,2,133,361.0
2023-04-25,Lower Manhattan,4,Tuesday,0,Evening,3,35,133.0
2023-04-26,Lower Manhattan,4,Wednesday,0,Morning,1,349,35.0
2023-04-26,Lower Manhattan,4,Wednesday,0,Afternoon,2,128,349.0
2023-04-26,Lower Manhattan,4,Wednesday,0,Evening,3,41,128.0
2023-04-27,Lower Manhattan,4,Thursday,0,Morning,1,356,41.0
2023-04-27,Lower Manhattan,4,Thursday,0,Afternoon,2,153,356.0
2023-04-27,Lower Manhattan,4,Thursday,0,Evening,3,45,153.0
2023-04-28,Lower Manhattan,4,Friday,0,Morning,1,152,45.0
2023-04-28,Lower Manhattan,4,Friday,0,Afternoon,2,168,152.0
2023-04-28,Lower Manhattan,4,Friday,0,Evening,3,49,168.0
2023-04-29,Lower Manhattan,4,Saturday,1,Morning,1,115,49.0
2023-04-29,Lower Manhattan,4,Saturday,1,Afternoon,2,145,115.0
2023-04-29,Lower Manhattan,4,Saturday,1,Evening,3,49,145.0
2023-04-30,Lower Manhattan,4,Sunday,1,Morning,1,270,49.0
2023-04-30,Lower Manhattan,4,Sunday,1,Afternoon,2,96,270.0
2023-04-30,Lower Manhattan,4,Sunday,1,Evening,3,18,96.0
2023-05-01,Lower Manhattan,5,Monday,0,Morning,1,223,18.0
2023-05-01,Lower Manhattan,5,Monday,0,Afternoon,2,191,223.0
2023-05-01,Lower Manhattan,5,Monday,0,Evening,3,56,191.0
2023-05-02,Lower Manhattan,5,Tuesday,0,Morning,1,166,56.0
2023-05-02,Lower Manhattan,5,Tuesday,0,Afternoon,2,207,166.0
2023-05-02,Lower Manhattan,5,Tuesday,0,Evening,3,41,207.0
2023-05-03,Lower Manhattan,5,Wednesday,0,Morning,1,230,41.0
2023-05-03,Lower Manhattan,5,Wednesday,0,Afternoon,2,179,230.0
2023-05-03,Lower Manhattan,5,Wednesday,0,Evening,3,44,179.0
2023-05-04,Lower Manhattan,5,Thursday,0,Morning,1,179,44.0
2023-05-04,Lower Manhattan,5,Thursday,0,Afternoon,2,219,179.0
2023-05-04,Lower Manhattan,5,Thursday,0,Evening,3,71,219.0
2023-05-05,Lower Manhattan,5,Friday,0,Morning,1,235,71.0
2023-05-05,Lower Manhattan,5,Friday,0,Afternoon,2,192,235.0
2023-05-05,Lower Manhattan,5,Friday,0,Evening,3,63,192.0
2023-05-06,Lower Manhattan,5,Saturday,1,Morning,1,200,63.0
2023-05-06,Lower Manhattan,5,Saturday,1,Afternoon,2,202,200.0
2023-05-06,Lower Manhattan,5,Saturday,1,Evening,3,70,202.0
2023-05-07,Lower Manhattan,5,Sunday,1,Morning,1,335,70.0
2023-05-07,Lower Manhattan,5,Sunday,1,Afternoon,2,22,335.0
2023-05-08,Lower Manhattan,5,Monday,0,Morning,1,405,22.0
2023-05-08,Lower Manhattan,5,Monday,0,Afternoon,2,109,405.0
2023-05-08,Lower Manhattan,5,Monday,0,Evening,3,74,109.0
2023-05-09,Lower Manhattan,5,Tuesday,0,Morning,1,312,74.0
2023-05-09,Lower Manhattan,5,Tuesday,0,Afternoon,2,101,312.0
2023-05-09,Lower Manhattan,5,Tuesday,0,Evening,3,67,101.0
2023-05-10,Lower Manhattan,5,Wednesday,0,Morning,1,335,67.0
2023-05-10,Lower Manhattan,5,Wednesday,0,Afternoon,2,133,335.0
2023-05-10,Lower Manhattan,5,Wednesday,0,Evening,3,39,133.0
2023-05-11,Lower Manhattan,5,Thursday,0,Morning,1,340,39.0
2023-05-11,Lower Manhattan,5,Thursday,0,Afternoon,2,138,340.0
2023-05-11,Lower Manhattan,5,Thursday,0,Evening,3,29,138.0
2023-05-12,Lower Manhattan,5,Friday,0,Morning,1,360,29.0
2023-05-12,Lower Manhattan,5,Friday,0,Afternoon,2,140,360.0
2023-05-12,Lower Manhattan,5,Friday,0,Evening,3,48,140.0
2023-05-13,Lower Manhattan,5,Saturday,1,Morning,1,383,48.0
2023-05-13,Lower Manhattan,5,Saturday,1,Afternoon,2,167,383.0
2023-05-13,Lower Manhattan,5,Saturday,1,Evening,3,44,167.0
2023-05-14,Lower Manhattan,5,Sunday,1,Morning,1,326,44.0
2023-05-14,Lower Manhattan,5,Sunday,1,Afternoon,2,110,326.0
2023-05-14,Lower Manhattan,5,Sunday,1,Evening,3,25,110.0
2023-05-15,Lower Manhattan,5,Monday,0,Morning,1,342,25.0
2023-05-15,Lower Manhattan,5,Monday,0,Afternoon,2,144,342.0
2023-05-15,Lower Manhattan,5,Monday,0,Evening,3,14,144.0
2023-05-16,Lower Manhattan,5,Tuesday,0,Morning,1,313,14.0
2023-05-16,Lower Manhattan,5,Tuesday,0,Afternoon,2,152,313.0
2023-05-16,Lower Manhattan,5,Tuesday,0,Evening,3,28,152.0
2023-05-17,Lower Manhattan,5,Wednesday,0,Morning,1,356,28.0
2023-05-17,Lower Manhattan,5,Wednesday,0,Afternoon,2,115,356.0
2023-05-17,Lower Manhattan,5,Wednesday,0,Evening,3,39,115.0
2023-05-18,Lower Manhattan,5,Thursday,0,Morning,1,297,39.0
2023-05-18,Lower Manhattan,5,Thursday,0,Afternoon,2,178,297.0
2023-05-18,Lower Manhattan,5,Thursday,0,Evening,3,35,178.0
2023-05-19,Lower Manhattan,5,Friday,0,Morning,1,325,35.0
2023-05-19,Lower Manhattan,5,Friday,0,Afternoon,2,126,325.0
2023-05-19,Lower Manhattan,5,Friday,0,Evening,3,46,126.0
2023-05-20,Lower Manhattan,5,Saturday,1,Morning,1,430,46.0
2023-05-20,Lower Manhattan,5,Saturday,1,Afternoon,2,133,430.0
2023-05-20,Lower Manhattan,5,Saturday,1,Evening,3,39,133.0
2023-05-21,Lower Manhattan,5,Sunday,1,Morning,1,364,39.0
2023-05-21,Lower Manhattan,5,Sunday,1,Afternoon,2,138,364.0
2023-05-21,Lower Manhattan,5,Sunday,1,Evening,3,42,138.0
2023-05-22,Lower Manhattan,5,Monday,0,Morning,1,479,42.0
2023-05-22,Lower Manhattan,5,Monday,0,Afternoon,2,167,479.0
2023-05-22,Lower Manhattan,5,Monday,0,Evening,3,59,167.0
2023-05-23,Lower Manhattan,5,Tuesday,0,Morning,1,413,59.0
2023-05-23,Lower Manhattan,5,Tuesday,0,Afternoon,2,112,413.0
2023-05-23,Lower Manhattan,5,Tuesday,0,Evening,3,47,112.0
2023-05-24,Lower Manhattan,5,Wednesday,0,Morning,1,397,47.0
2023-05-24,Lower Manhattan,5,Wednesday,0,Afternoon,2,191,397.0
2023-05-24,Lower Manhattan,5,Wednesday,0,Evening,3,45,191.0
2023-05-25,Lower Manhattan,5,Thursday,0,Morning,1,440,45.0
2023-05-25,Lower Manhattan,5,Thursday,0,Afternoon,2,151,440.0
2023-05-25,Lower Manhattan,5,Thursday,0,Evening,3,38,151.0
2023-05-26,Lower Manhattan,5,Friday,0,Morning,1,425,38.0
2023-05-26,Lower Manhattan,5,Friday,0,Afternoon,2,149,425.0
2023-05-26,Lower Manhattan,5,Friday,0,Evening,3,45,149.0
2023-05-27,Lower Manhattan,5,Saturday,1,Morning,1,426,45.0
2023-05-27,Lower Manhattan,5,Saturday,1,Afternoon,2,208,426.0
2023-05-27,Lower Manhattan,5,Saturday,1,Evening,3,59,208.0
2023-05-28,Lower Manhattan,5,Sunday,1,Morning,1,195,59.0
2023-05-28,Lower Manhattan,5,Sunday,1,Afternoon,2,217,195.0
2023-05-28,Lower Manhattan,5,Sunday,1,Evening,3,55,217.0
2023-05-29,Lower Manhattan,5,Monday,0,Morning,1,144,55.0
2023-05-29,Lower Manhattan,5,Monday,0,Afternoon,2,189,144.0
2023-05-29,Lower Manhattan,5,Monday,0,Evening,3,58,189.0
2023-05-30,Lower Manhattan,5,Tuesday,0,Morning,1,332,58.0
2023-05-30,Lower Manhattan,5,Tuesday,0,Afternoon,2,136,332.0
2023-05-30,Lower Manhattan,5,Tuesday,0,Evening,3,32,136.0
2023-05-31,Lower Manhattan,5,Wednesday,0,Morning,1,356,32.0
2023-05-31,Lower Manhattan,5,Wednesday,0,Afternoon,2,104,356.0
2023-05-31,Lower Manhattan,5,Wednesday,0,Evening,3,40,104.0
2023-06-01,Lower Manhattan,6,Thursday,0,Morning,1,249,40.0
2023-06-01,Lower Manhattan,6,Thursday,0,Afternoon,2,207,249.0
2023-06-01,Lower Manhattan,6,Thursday,0,Evening,3,55,207.0
2023-06-02,Lower Manhattan,6,Friday,0,Morning,1,198,55.0
2023-06-02,Lower Manhattan,6,Friday,0,Afternoon,2,215,198.0
2023-06-02,Lower Manhattan,6,Friday,0,Evening,3,52,215.0
2023-06-03,Lower Manhattan,6,Saturday,1,Morning,1,240,52.0
2023-06-03,Lower Manhattan,6,Saturday,1,Afternoon,2,222,240.0
2023-06-03,Lower Manhattan,6,Saturday,1,Evening,3,54,222.0
2023-06-04,Lower Manhattan,6,Sunday,1,Morning,1,214,54.0
2023-06-04,Lower Manhattan,6,Sunday,1,Afternoon,2,219,214.0
2023-06-04,Lower Manhattan,6,Sunday,1,Evening,3,85,219.0
2023-06-05,Lower Manhattan,6,Monday,0,Morning,1,221,85.0
2023-06-05,Lower Manhattan,6,Monday,0,Afternoon,2,204,221.0
2023-06-05,Lower Manhattan,6,Monday,0,Evening,3,62,204.0
2023-06-06,Lower Manhattan,6,Tuesday,0,Morning,1,229,62.0
2023-06-06,Lower Manhattan,6,Tuesday,0,Afternoon,2,220,229.0
2023-06-06,Lower Manhattan,6,Tuesday,0,Evening,3,66,220.0
2023-06-07,Lower Manhattan,6,Wednesday,0,Morning,1,366,66.0
2023-06-07,Lower Manhattan,6,Wednesday,0,Afternoon,2,24,366.0
2023-06-08,Lower Manhattan,6,Thursday,0,Morning,1,390,24.0
2023-06-08,Lower Manhattan,6,Thursday,0,Afternoon,2,108,390.0
2023-06-08,Lower Manhattan,6,Thursday,0,Evening,3,93,108.0
2023-06-09,Lower Manhattan,6,Friday,0,Morning,1,382,93.0
2023-06-09,Lower Manhattan,6,Friday,0,Afternoon,2,101,382.0
2023-06-09,Lower Manhattan,6,Friday,0,Evening,3,73,101.0
2023-06-10,Lower Manhattan,6,Saturday,1,Morning,1,378,73.0
2023-06-10,Lower Manhattan,6,Saturday,1,Afternoon,2,148,378.0
2023-06-10,Lower Manhattan,6,Saturday,1,Evening,3,32,148.0
2023-06-11,Lower Manhattan,6,Sunday,1,Morning,1,347,32.0
2023-06-11,Lower Manhattan,6,Sunday,1,Afternoon,2,165,347.0
2023-06-11,Lower Manhattan,6,Sunday,1,Evening,3,31,165.0
2023-06-12,Lower Manhattan,6,Monday,0,Morning,1,416,31.0
2023-06-12,Lower Manhattan,6,Monday,0,Afternoon,2,166,416.0
2023-06-12,Lower Manhattan,6,Monday,0,Evening,3,54,166.0
2023-06-13,Lower Manhattan,6,Tuesday,0,Morning,1,454,54.0
2023-06-13,Lower Manhattan,6,Tuesday,0,Afternoon,2,185,454.0
2023-06-13,Lower Manhattan,6,Tuesday,0,Evening,3,50,185.0
2023-06-14,Lower Manhattan,6,Wednesday,0,Morning,1,365,50.0
2023-06-14,Lower Manhattan,6,Wednesday,0,Afternoon,2,115,365.0
2023-06-14,Lower Manhattan,6,Wednesday,0,Evening,3,31,115.0
2023-06-15,Lower Manhattan,6,Thursday,0,Morning,1,352,31.0
2023-06-15,Lower Manhattan,6,Thursday,0,Afternoon,2,139,352.0
2023-06-15,Lower Manhattan,6,Thursday,0,Evening,3,27,139.0
2023-06-16,Lower Manhattan,6,Friday,0,Morning,1,340,27.0
2023-06-16,Lower Manhattan,6,Friday,0,Afternoon,2,186,340.0
2023-06-16,Lower Manhattan,6,Friday,0,Evening,3,22,186.0
2023-06-17,Lower Manhattan,6,Saturday,1,Morning,1,383,22.0
2023-06-17,Lower Manhattan,6,Saturday,1,Afternoon,2,115,383.0
2023-06-17,Lower Manhattan,6,Saturday,1,Evening,3,39,115.0
2023-06-18,Lower Manhattan,6,Sunday,1,Morning,1,334,39.0
2023-06-18,Lower Manhattan,6,Sunday,1,Afternoon,2,172,334.0
2023-06-18,Lower Manhattan,6,Sunday,1,Evening,3,31,172.0
2023-06-19,Lower Manhattan,6,Monday,0,Morning,1,356,31.0
2023-06-19,Lower Manhattan,6,Monday,0,Afternoon,2,154,356.0
2023-06-19,Lower Manhattan,6,Monday,0,Evening,3,36,154.0
2023-06-20,Lower Manhattan,6,Tuesday,0,Morning,1,437,36.0
2023-06-20,Lower Manhattan,6,Tuesday,0,Afternoon,2,145,437.0
2023-06-20,Lower Manhattan,6,Tuesday,0,Evening,3,47,145.0
2023-06-21,Lower Manhattan,6,Wednesday,0,Morning,1,399,47.0
2023-06-21,Lower Manhattan,6,Wednesday,0,Afternoon,2,145,399.0
2023-06-21,Lower Manhattan,6,Wednesday,0,Evening,3,42,145.0
2023-06-22,Lower Manhattan,6,Thursday,0,Morning,1,461,42.0
2023-06-22,Lower Manhattan,6,Thursday,0,Afternoon,2,177,461.0
2023-06-22,Lower Manhattan,6,Thursday,0,Evening,3,50,177.0
2023-06-23,Lower Manhattan,6,Friday,0,Morning,1,440,50.0
2023-06-23,Lower Manhattan,6,Friday,0,Afternoon,2,145,440.0
2023-06-23,Lower Manhattan,6,Friday,0,Evening,3,46,145.0
2023-06-24,Lower Manhattan,6,Saturday,1,Morning,1,432,46.0
2023-06-24,Lower Manhattan,6,Saturday,1,Afternoon,2,175,432.0
2023-06-24,Lower Manhattan,6,Saturday,1,Evening,3,50,175.0
2023-06-25,Lower Manhattan,6,Sunday,1,Morning,1,462,50.0
2023-06-25,Lower Manhattan,6,Sunday,1,Afternoon,2,202,462.0
2023-06-25,Lower Manhattan,6,Sunday,1,Evening,3,43,202.0
2023-06-26,Lower Manhattan,6,Monday,0,Morning,1,464,43.0
2023-06-26,Lower Manhattan,6,Monday,0,Afternoon,2,159,464.0
2023-06-26,Lower Manhattan,6,Monday,0,Evening,3,51,159.0
2023-06-27,Lower Manhattan,6,Tuesday,0,Morning,1,517,51.0
2023-06-27,Lower Manhattan,6,Tuesday,0,Afternoon,2,193,517.0
2023-06-27,Lower Manhattan,6,Tuesday,0,Evening,3,60,193.0
2023-06-28,Lower Manhattan,6,Wednesday,0,Morning,1,217,60.0
2023-06-28,Lower Manhattan,6,Wednesday,0,Afternoon,2,225,217.0
2023-06-28,Lower Manhattan,6,Wednesday,0,Evening,3,50,225.0
2023-06-29,Lower Manhattan,6,Thursday,0,Morning,1,153,50.0
2023-06-29,Lower Manhattan,6,Thursday,0,Afternoon,2,217,153.0
2023-06-29,Lower Manhattan,6,Thursday,0,Evening,3,54,217.0
2023-06-30,Lower Manhattan,6,Friday,0,Morning,1,390,54.0
2023-06-30,Lower Manhattan,6,Friday,0,Afternoon,2,105,390.0
2023-06-30,Lower Manhattan,6,Friday,0,Evening,3,40,105.0
